geography_id,archetype,component,indicator_id,period_end,index_value,unit,index_points_above_2023_annual_base,previous_quarter_period_end,previous_quarter_index,quarter_over_quarter_percent_change,year_ago_period_end,year_ago_index,year_over_year_percent_change,source_id,source_evidence_status,change_evidence_status,quality_flags,geography_label
PR_10,municipal_operations_bus_depot,concrete,BCPI_BUS_DEPOT_WITH_MAINTENANCE_AND_REPAIR_FACILITIES_CONCRETE,2026-06-30,103.3,"Index, 2023=100",3.3,2026-03-31,102.5,0.78,2025-06-30,101.7,1.573,STATCAN_BCPI_18100289,observed,inferred,,Newfoundland and Labrador
PR_10,municipal_operations_bus_depot,electrical_systems,BCPI_BUS_DEPOT_WITH_MAINTENANCE_AND_REPAIR_FACILITIES_ELECTRICAL,2026-06-30,108.3,"Index, 2023=100",8.3,2026-03-31,107.2,1.026,2025-06-30,106.4,1.786,STATCAN_BCPI_18100289,observed,inferred,,Newfoundland and Labrador
PR_10,municipal_operations_bus_depot,hvac,BCPI_BUS_DEPOT_WITH_MAINTENANCE_AND_REPAIR_FACILITIES_HEATING_VENTILATION_AND_AIR_CONDITIONING,2026-06-30,110.7,"Index, 2023=100",10.7,2026-03-31,109.6,1.004,2025-06-30,102.8,7.685,STATCAN_BCPI_18100289,observed,inferred,,Newfoundland and Labrador
PR_10,municipal_operations_bus_depot,structural_steel_framing,BCPI_BUS_DEPOT_WITH_MAINTENANCE_AND_REPAIR_FACILITIES_STRUCTURAL_STEEL_FRAMING,2026-06-30,115.3,"Index, 2023=100",15.3,2026-03-31,109.8,5.009,2025-06-30,107.1,7.656,STATCAN_BCPI_18100289,observed,inferred,,Newfoundland and Labrador
PR_10,industrial_factory_proxy,concrete,BCPI_FACTORY_CONCRETE,2026-06-30,103.2,"Index, 2023=100",3.2,2026-03-31,102.3,0.88,2025-06-30,101.2,1.976,STATCAN_BCPI_18100289,observed,inferred,,Newfoundland and Labrador
PR_10,industrial_factory_proxy,electrical_systems,BCPI_FACTORY_ELECTRICAL,2026-06-30,106.1,"Index, 2023=100",6.1,2026-03-31,105.6,0.473,2025-06-30,105.0,1.048,STATCAN_BCPI_18100289,observed,inferred,,Newfoundland and Labrador
PR_10,industrial_factory_proxy,hvac,BCPI_FACTORY_HEATING_VENTILATION_AND_AIR_CONDITIONING,2026-06-30,114.1,"Index, 2023=100",14.1,2026-03-31,113.4,0.617,2025-06-30,102.9,10.884,STATCAN_BCPI_18100289,observed,inferred,,Newfoundland and Labrador
PR_10,industrial_factory_proxy,structural_steel_framing,BCPI_FACTORY_STRUCTURAL_STEEL_FRAMING,2026-06-30,115.3,"Index, 2023=100",15.3,2026-03-31,109.8,5.009,2025-06-30,107.1,7.656,STATCAN_BCPI_18100289,observed,inferred,,Newfoundland and Labrador
PR_10,institutional_buildings,concrete,BCPI_INSTITUTIONAL_BUILDINGS_62213_CONCRETE,2026-06-30,103.5,"Index, 2023=100",3.5,2026-03-31,102.8,0.681,2025-06-30,102.2,1.272,STATCAN_BCPI_18100289,observed,inferred,,Newfoundland and Labrador
PR_10,institutional_buildings,electrical_systems,BCPI_INSTITUTIONAL_BUILDINGS_62213_ELECTRICAL,2026-06-30,109.5,"Index, 2023=100",9.5,2026-03-31,109.0,0.459,2025-06-30,108.0,1.389,STATCAN_BCPI_18100289,observed,inferred,,Newfoundland and Labrador
PR_10,institutional_buildings,hvac,BCPI_INSTITUTIONAL_BUILDINGS_62213_HEATING_VENTILATION_AND_AIR_CONDITIONING,2026-06-30,102.5,"Index, 2023=100",2.5,2026-03-31,101.3,1.185,2025-06-30,105.4,-2.751,STATCAN_BCPI_18100289,observed,inferred,,Newfoundland and Labrador
PR_10,institutional_buildings,structural_steel_framing,BCPI_INSTITUTIONAL_BUILDINGS_62213_STRUCTURAL_STEEL_FRAMING,2026-06-30,115.3,"Index, 2023=100",15.3,2026-03-31,109.8,5.009,2025-06-30,107.1,7.656,STATCAN_BCPI_18100289,observed,inferred,,Newfoundland and Labrador
PR_10,schools,concrete,BCPI_SCHOOL_CONCRETE,2026-06-30,103.5,"Index, 2023=100",3.5,2026-03-31,102.8,0.681,2025-06-30,102.2,1.272,STATCAN_BCPI_18100289,observed,inferred,,Newfoundland and Labrador
PR_10,schools,electrical_systems,BCPI_SCHOOL_ELECTRICAL,2026-06-30,109.5,"Index, 2023=100",9.5,2026-03-31,109.0,0.459,2025-06-30,108.0,1.389,STATCAN_BCPI_18100289,observed,inferred,,Newfoundland and Labrador
PR_10,schools,hvac,BCPI_SCHOOL_HEATING_VENTILATION_AND_AIR_CONDITIONING,2026-06-30,102.5,"Index, 2023=100",2.5,2026-03-31,101.3,1.185,2025-06-30,105.4,-2.751,STATCAN_BCPI_18100289,observed,inferred,,Newfoundland and Labrador
PR_10,schools,structural_steel_framing,BCPI_SCHOOL_STRUCTURAL_STEEL_FRAMING,2026-06-30,115.3,"Index, 2023=100",15.3,2026-03-31,109.8,5.009,2025-06-30,107.1,7.656,STATCAN_BCPI_18100289,observed,inferred,,Newfoundland and Labrador
PR_12,municipal_operations_bus_depot,concrete,BCPI_BUS_DEPOT_WITH_MAINTENANCE_AND_REPAIR_FACILITIES_CONCRETE,2026-06-30,102.7,"Index, 2023=100",2.7,2026-03-31,102.0,0.686,2025-06-30,100.6,2.087,STATCAN_BCPI_18100289,observed,inferred,,Nova Scotia
PR_12,municipal_operations_bus_depot,electrical_systems,BCPI_BUS_DEPOT_WITH_MAINTENANCE_AND_REPAIR_FACILITIES_ELECTRICAL,2026-06-30,106.6,"Index, 2023=100",6.6,2026-03-31,105.7,0.851,2025-06-30,105.1,1.427,STATCAN_BCPI_18100289,observed,inferred,,Nova Scotia
PR_12,municipal_operations_bus_depot,hvac,BCPI_BUS_DEPOT_WITH_MAINTENANCE_AND_REPAIR_FACILITIES_HEATING_VENTILATION_AND_AIR_CONDITIONING,2026-06-30,109.4,"Index, 2023=100",9.4,2026-03-31,109.1,0.275,2025-06-30,102.4,6.836,STATCAN_BCPI_18100289,observed,inferred,,Nova Scotia
PR_12,municipal_operations_bus_depot,structural_steel_framing,BCPI_BUS_DEPOT_WITH_MAINTENANCE_AND_REPAIR_FACILITIES_STRUCTURAL_STEEL_FRAMING,2026-06-30,117.5,"Index, 2023=100",17.5,2026-03-31,113.7,3.342,2025-06-30,105.7,11.164,STATCAN_BCPI_18100289,observed,inferred,,Nova Scotia
PR_12,industrial_factory_proxy,concrete,BCPI_FACTORY_CONCRETE,2026-06-30,105.9,"Index, 2023=100",5.9,2026-03-31,105.9,0.0,2025-06-30,104.3,1.534,STATCAN_BCPI_18100289,observed,inferred,,Nova Scotia
PR_12,industrial_factory_proxy,electrical_systems,BCPI_FACTORY_ELECTRICAL,2026-06-30,105.4,"Index, 2023=100",5.4,2026-03-31,105.0,0.381,2025-06-30,104.2,1.152,STATCAN_BCPI_18100289,observed,inferred,,Nova Scotia
PR_12,industrial_factory_proxy,hvac,BCPI_FACTORY_HEATING_VENTILATION_AND_AIR_CONDITIONING,2026-06-30,113.2,"Index, 2023=100",13.2,2026-03-31,113.1,0.088,2025-06-30,102.7,10.224,STATCAN_BCPI_18100289,observed,inferred,,Nova Scotia
PR_12,industrial_factory_proxy,structural_steel_framing,BCPI_FACTORY_STRUCTURAL_STEEL_FRAMING,2026-06-30,117.5,"Index, 2023=100",17.5,2026-03-31,113.7,3.342,2025-06-30,105.7,11.164,STATCAN_BCPI_18100289,observed,inferred,,Nova Scotia
PR_12,institutional_buildings,concrete,BCPI_INSTITUTIONAL_BUILDINGS_62213_CONCRETE,2026-06-30,105.1,"Index, 2023=100",5.1,2026-03-31,105.8,-0.662,2025-06-30,104.0,1.058,STATCAN_BCPI_18100289,observed,inferred,,Nova Scotia
PR_12,institutional_buildings,electrical_systems,BCPI_INSTITUTIONAL_BUILDINGS_62213_ELECTRICAL,2026-06-30,107.8,"Index, 2023=100",7.8,2026-03-31,107.5,0.279,2025-06-30,106.6,1.126,STATCAN_BCPI_18100289,observed,inferred,,Nova Scotia
PR_12,institutional_buildings,hvac,BCPI_INSTITUTIONAL_BUILDINGS_62213_HEATING_VENTILATION_AND_AIR_CONDITIONING,2026-06-30,101.2,"Index, 2023=100",1.2,2026-03-31,100.9,0.297,2025-06-30,104.9,-3.527,STATCAN_BCPI_18100289,observed,inferred,,Nova Scotia
PR_12,institutional_buildings,structural_steel_framing,BCPI_INSTITUTIONAL_BUILDINGS_62213_STRUCTURAL_STEEL_FRAMING,2026-06-30,117.5,"Index, 2023=100",17.5,2026-03-31,113.7,3.342,2025-06-30,105.7,11.164,STATCAN_BCPI_18100289,observed,inferred,,Nova Scotia
PR_12,schools,concrete,BCPI_SCHOOL_CONCRETE,2026-06-30,105.1,"Index, 2023=100",5.1,2026-03-31,105.8,-0.662,2025-06-30,104.0,1.058,STATCAN_BCPI_18100289,observed,inferred,,Nova Scotia
PR_12,schools,electrical_systems,BCPI_SCHOOL_ELECTRICAL,2026-06-30,107.8,"Index, 2023=100",7.8,2026-03-31,107.5,0.279,2025-06-30,106.6,1.126,STATCAN_BCPI_18100289,observed,inferred,,Nova Scotia
PR_12,schools,hvac,BCPI_SCHOOL_HEATING_VENTILATION_AND_AIR_CONDITIONING,2026-06-30,101.2,"Index, 2023=100",1.2,2026-03-31,100.9,0.297,2025-06-30,104.9,-3.527,STATCAN_BCPI_18100289,observed,inferred,,Nova Scotia
PR_12,schools,structural_steel_framing,BCPI_SCHOOL_STRUCTURAL_STEEL_FRAMING,2026-06-30,117.5,"Index, 2023=100",17.5,2026-03-31,113.7,3.342,2025-06-30,105.7,11.164,STATCAN_BCPI_18100289,observed,inferred,,Nova Scotia
PR_13,municipal_operations_bus_depot,concrete,BCPI_BUS_DEPOT_WITH_MAINTENANCE_AND_REPAIR_FACILITIES_CONCRETE,2026-06-30,118.6,"Index, 2023=100",18.6,2026-03-31,117.4,1.022,2025-06-30,114.0,4.035,STATCAN_BCPI_18100289,observed,inferred,,New Brunswick
PR_13,municipal_operations_bus_depot,electrical_systems,BCPI_BUS_DEPOT_WITH_MAINTENANCE_AND_REPAIR_FACILITIES_ELECTRICAL,2026-06-30,109.9,"Index, 2023=100",9.9,2026-03-31,108.5,1.29,2025-06-30,106.9,2.806,STATCAN_BCPI_18100289,observed,inferred,,New Brunswick
PR_13,municipal_operations_bus_depot,hvac,BCPI_BUS_DEPOT_WITH_MAINTENANCE_AND_REPAIR_FACILITIES_HEATING_VENTILATION_AND_AIR_CONDITIONING,2026-06-30,111.9,"Index, 2023=100",11.9,2026-03-31,111.6,0.269,2025-06-30,103.5,8.116,STATCAN_BCPI_18100289,observed,inferred,,New Brunswick
PR_13,municipal_operations_bus_depot,structural_steel_framing,BCPI_BUS_DEPOT_WITH_MAINTENANCE_AND_REPAIR_FACILITIES_STRUCTURAL_STEEL_FRAMING,2026-06-30,116.1,"Index, 2023=100",16.1,2026-03-31,116.1,0.0,2025-06-30,111.7,3.939,STATCAN_BCPI_18100289,observed,inferred,,New Brunswick
PR_13,industrial_factory_proxy,concrete,BCPI_FACTORY_CONCRETE,2026-06-30,119.0,"Index, 2023=100",19.0,2026-03-31,117.4,1.363,2025-06-30,114.3,4.112,STATCAN_BCPI_18100289,observed,inferred,,New Brunswick
PR_13,industrial_factory_proxy,electrical_systems,BCPI_FACTORY_ELECTRICAL,2026-06-30,110.2,"Index, 2023=100",10.2,2026-03-31,109.2,0.916,2025-06-30,107.4,2.607,STATCAN_BCPI_18100289,observed,inferred,,New Brunswick
PR_13,industrial_factory_proxy,hvac,BCPI_FACTORY_HEATING_VENTILATION_AND_AIR_CONDITIONING,2026-06-30,115.4,"Index, 2023=100",15.4,2026-03-31,115.3,0.087,2025-06-30,103.6,11.39,STATCAN_BCPI_18100289,observed,inferred,,New Brunswick
PR_13,industrial_factory_proxy,structural_steel_framing,BCPI_FACTORY_STRUCTURAL_STEEL_FRAMING,2026-06-30,116.1,"Index, 2023=100",16.1,2026-03-31,116.1,0.0,2025-06-30,111.7,3.939,STATCAN_BCPI_18100289,observed,inferred,,New Brunswick
PR_13,institutional_buildings,concrete,BCPI_INSTITUTIONAL_BUILDINGS_62213_CONCRETE,2026-06-30,119.5,"Index, 2023=100",19.5,2026-03-31,118.1,1.185,2025-06-30,114.8,4.094,STATCAN_BCPI_18100289,observed,inferred,,New Brunswick
PR_13,institutional_buildings,electrical_systems,BCPI_INSTITUTIONAL_BUILDINGS_62213_ELECTRICAL,2026-06-30,110.9,"Index, 2023=100",10.9,2026-03-31,110.1,0.727,2025-06-30,108.3,2.401,STATCAN_BCPI_18100289,observed,inferred,,New Brunswick
PR_13,institutional_buildings,hvac,BCPI_INSTITUTIONAL_BUILDINGS_62213_HEATING_VENTILATION_AND_AIR_CONDITIONING,2026-06-30,103.8,"Index, 2023=100",3.8,2026-03-31,103.5,0.29,2025-06-30,105.9,-1.983,STATCAN_BCPI_18100289,observed,inferred,,New Brunswick
PR_13,institutional_buildings,structural_steel_framing,BCPI_INSTITUTIONAL_BUILDINGS_62213_STRUCTURAL_STEEL_FRAMING,2026-06-30,116.1,"Index, 2023=100",16.1,2026-03-31,116.1,0.0,2025-06-30,111.7,3.939,STATCAN_BCPI_18100289,observed,inferred,,New Brunswick
PR_13,schools,concrete,BCPI_SCHOOL_CONCRETE,2026-06-30,119.5,"Index, 2023=100",19.5,2026-03-31,118.1,1.185,2025-06-30,114.8,4.094,STATCAN_BCPI_18100289,observed,inferred,,New Brunswick
PR_13,schools,electrical_systems,BCPI_SCHOOL_ELECTRICAL,2026-06-30,110.9,"Index, 2023=100",10.9,2026-03-31,110.1,0.727,2025-06-30,108.3,2.401,STATCAN_BCPI_18100289,observed,inferred,,New Brunswick
PR_13,schools,hvac,BCPI_SCHOOL_HEATING_VENTILATION_AND_AIR_CONDITIONING,2026-06-30,103.8,"Index, 2023=100",3.8,2026-03-31,103.5,0.29,2025-06-30,105.9,-1.983,STATCAN_BCPI_18100289,observed,inferred,,New Brunswick
PR_13,schools,structural_steel_framing,BCPI_SCHOOL_STRUCTURAL_STEEL_FRAMING,2026-06-30,116.1,"Index, 2023=100",16.1,2026-03-31,116.1,0.0,2025-06-30,111.7,3.939,STATCAN_BCPI_18100289,observed,inferred,,New Brunswick
PR_24,municipal_operations_bus_depot,concrete,BCPI_BUS_DEPOT_WITH_MAINTENANCE_AND_REPAIR_FACILITIES_CONCRETE,2026-06-30,112.4,"Index, 2023=100",12.4,2026-03-31,110.5,1.719,2025-06-30,108.6,3.499,STATCAN_BCPI_18100289,observed,inferred,,Quebec
PR_24,municipal_operations_bus_depot,electrical_systems,BCPI_BUS_DEPOT_WITH_MAINTENANCE_AND_REPAIR_FACILITIES_ELECTRICAL,2026-06-30,113.0,"Index, 2023=100",13.0,2026-03-31,109.6,3.102,2025-06-30,109.2,3.48,STATCAN_BCPI_18100289,observed,inferred,,Quebec
PR_24,municipal_operations_bus_depot,hvac,BCPI_BUS_DEPOT_WITH_MAINTENANCE_AND_REPAIR_FACILITIES_HEATING_VENTILATION_AND_AIR_CONDITIONING,2026-06-30,114.8,"Index, 2023=100",14.8,2026-03-31,112.1,2.409,2025-06-30,105.6,8.712,STATCAN_BCPI_18100289,observed,inferred,,Quebec
PR_24,municipal_operations_bus_depot,structural_steel_framing,BCPI_BUS_DEPOT_WITH_MAINTENANCE_AND_REPAIR_FACILITIES_STRUCTURAL_STEEL_FRAMING,2026-06-30,105.0,"Index, 2023=100",5.0,2026-03-31,102.1,2.84,2025-06-30,100.4,4.582,STATCAN_BCPI_18100289,observed,inferred,,Quebec
PR_24,industrial_factory_proxy,concrete,BCPI_FACTORY_CONCRETE,2026-06-30,113.5,"Index, 2023=100",13.5,2026-03-31,111.6,1.703,2025-06-30,109.8,3.37,STATCAN_BCPI_18100289,observed,inferred,,Quebec
PR_24,industrial_factory_proxy,electrical_systems,BCPI_FACTORY_ELECTRICAL,2026-06-30,111.5,"Index, 2023=100",11.5,2026-03-31,109.0,2.294,2025-06-30,108.3,2.955,STATCAN_BCPI_18100289,observed,inferred,,Quebec
PR_24,industrial_factory_proxy,hvac,BCPI_FACTORY_HEATING_VENTILATION_AND_AIR_CONDITIONING,2026-06-30,116.5,"Index, 2023=100",16.5,2026-03-31,114.2,2.014,2025-06-30,105.6,10.322,STATCAN_BCPI_18100289,observed,inferred,,Quebec
PR_24,industrial_factory_proxy,structural_steel_framing,BCPI_FACTORY_STRUCTURAL_STEEL_FRAMING,2026-06-30,110.4,"Index, 2023=100",10.4,2026-03-31,107.1,3.081,2025-06-30,102.9,7.289,STATCAN_BCPI_18100289,observed,inferred,,Quebec
PR_24,institutional_buildings,concrete,BCPI_INSTITUTIONAL_BUILDINGS_62213_CONCRETE,2026-06-30,111.7,"Index, 2023=100",11.7,2026-03-31,109.5,2.009,2025-06-30,107.1,4.295,STATCAN_BCPI_18100289,observed,inferred,,Quebec
PR_24,institutional_buildings,electrical_systems,BCPI_INSTITUTIONAL_BUILDINGS_62213_ELECTRICAL,2026-06-30,114.1,"Index, 2023=100",14.1,2026-03-31,111.4,2.424,2025-06-30,110.7,3.071,STATCAN_BCPI_18100289,observed,inferred,,Quebec
PR_24,institutional_buildings,hvac,BCPI_INSTITUTIONAL_BUILDINGS_62213_HEATING_VENTILATION_AND_AIR_CONDITIONING,2026-06-30,106.5,"Index, 2023=100",6.5,2026-03-31,103.7,2.7,2025-06-30,108.1,-1.48,STATCAN_BCPI_18100289,observed,inferred,,Quebec
PR_24,institutional_buildings,structural_steel_framing,BCPI_INSTITUTIONAL_BUILDINGS_62213_STRUCTURAL_STEEL_FRAMING,2026-06-30,110.2,"Index, 2023=100",10.2,2026-03-31,106.9,3.087,2025-06-30,102.8,7.198,STATCAN_BCPI_18100289,observed,inferred,,Quebec
PR_24,schools,concrete,BCPI_SCHOOL_CONCRETE,2026-06-30,111.7,"Index, 2023=100",11.7,2026-03-31,109.5,2.009,2025-06-30,107.1,4.295,STATCAN_BCPI_18100289,observed,inferred,,Quebec
PR_24,schools,electrical_systems,BCPI_SCHOOL_ELECTRICAL,2026-06-30,114.1,"Index, 2023=100",14.1,2026-03-31,111.4,2.424,2025-06-30,110.7,3.071,STATCAN_BCPI_18100289,observed,inferred,,Quebec
PR_24,schools,hvac,BCPI_SCHOOL_HEATING_VENTILATION_AND_AIR_CONDITIONING,2026-06-30,106.5,"Index, 2023=100",6.5,2026-03-31,103.7,2.7,2025-06-30,108.1,-1.48,STATCAN_BCPI_18100289,observed,inferred,,Quebec
PR_24,schools,structural_steel_framing,BCPI_SCHOOL_STRUCTURAL_STEEL_FRAMING,2026-06-30,110.2,"Index, 2023=100",10.2,2026-03-31,106.9,3.087,2025-06-30,102.8,7.198,STATCAN_BCPI_18100289,observed,inferred,,Quebec
PR_35,municipal_operations_bus_depot,concrete,BCPI_BUS_DEPOT_WITH_MAINTENANCE_AND_REPAIR_FACILITIES_CONCRETE,2026-06-30,109.0,"Index, 2023=100",9.0,2026-03-31,107.5,1.395,2025-06-30,107.0,1.869,STATCAN_BCPI_18100289,observed,inferred,,Ontario
PR_35,municipal_operations_bus_depot,electrical_systems,BCPI_BUS_DEPOT_WITH_MAINTENANCE_AND_REPAIR_FACILITIES_ELECTRICAL,2026-06-30,109.4,"Index, 2023=100",9.4,2026-03-31,107.4,1.862,2025-06-30,107.0,2.243,STATCAN_BCPI_18100289,observed,inferred,,Ontario
PR_35,municipal_operations_bus_depot,hvac,BCPI_BUS_DEPOT_WITH_MAINTENANCE_AND_REPAIR_FACILITIES_HEATING_VENTILATION_AND_AIR_CONDITIONING,2026-06-30,112.3,"Index, 2023=100",12.3,2026-03-31,111.0,1.171,2025-06-30,104.6,7.361,STATCAN_BCPI_18100289,observed,inferred,,Ontario
PR_35,municipal_operations_bus_depot,structural_steel_framing,BCPI_BUS_DEPOT_WITH_MAINTENANCE_AND_REPAIR_FACILITIES_STRUCTURAL_STEEL_FRAMING,2026-06-30,115.3,"Index, 2023=100",15.3,2026-03-31,113.3,1.765,2025-06-30,107.4,7.356,STATCAN_BCPI_18100289,observed,inferred,,Ontario
PR_35,industrial_factory_proxy,concrete,BCPI_FACTORY_CONCRETE,2026-06-30,115.7,"Index, 2023=100",15.7,2026-03-31,113.7,1.759,2025-06-30,110.0,5.182,STATCAN_BCPI_18100289,observed,inferred,,Ontario
PR_35,industrial_factory_proxy,electrical_systems,BCPI_FACTORY_ELECTRICAL,2026-06-30,109.1,"Index, 2023=100",9.1,2026-03-31,107.6,1.394,2025-06-30,106.4,2.538,STATCAN_BCPI_18100289,observed,inferred,,Ontario
PR_35,industrial_factory_proxy,hvac,BCPI_FACTORY_HEATING_VENTILATION_AND_AIR_CONDITIONING,2026-06-30,114.6,"Index, 2023=100",14.6,2026-03-31,113.4,1.058,2025-06-30,104.9,9.247,STATCAN_BCPI_18100289,observed,inferred,,Ontario
PR_35,industrial_factory_proxy,structural_steel_framing,BCPI_FACTORY_STRUCTURAL_STEEL_FRAMING,2026-06-30,123.3,"Index, 2023=100",23.3,2026-03-31,120.4,2.409,2025-06-30,110.6,11.483,STATCAN_BCPI_18100289,observed,inferred,,Ontario
PR_35,institutional_buildings,concrete,BCPI_INSTITUTIONAL_BUILDINGS_62213_CONCRETE,2026-06-30,105.0,"Index, 2023=100",5.0,2026-03-31,104.1,0.865,2025-06-30,103.7,1.254,STATCAN_BCPI_18100289,observed,inferred,,Ontario
PR_35,institutional_buildings,electrical_systems,BCPI_INSTITUTIONAL_BUILDINGS_62213_ELECTRICAL,2026-06-30,110.4,"Index, 2023=100",10.4,2026-03-31,108.9,1.377,2025-06-30,108.4,1.845,STATCAN_BCPI_18100289,observed,inferred,,Ontario
PR_35,institutional_buildings,hvac,BCPI_INSTITUTIONAL_BUILDINGS_62213_HEATING_VENTILATION_AND_AIR_CONDITIONING,2026-06-30,103.8,"Index, 2023=100",3.8,2026-03-31,102.7,1.071,2025-06-30,107.1,-3.081,STATCAN_BCPI_18100289,observed,inferred,,Ontario
PR_35,institutional_buildings,structural_steel_framing,BCPI_INSTITUTIONAL_BUILDINGS_62213_STRUCTURAL_STEEL_FRAMING,2026-06-30,118.6,"Index, 2023=100",18.6,2026-03-31,116.3,1.978,2025-06-30,109.0,8.807,STATCAN_BCPI_18100289,observed,inferred,,Ontario
PR_35,schools,concrete,BCPI_SCHOOL_CONCRETE,2026-06-30,105.0,"Index, 2023=100",5.0,2026-03-31,104.1,0.865,2025-06-30,103.7,1.254,STATCAN_BCPI_18100289,observed,inferred,,Ontario
PR_35,schools,electrical_systems,BCPI_SCHOOL_ELECTRICAL,2026-06-30,110.4,"Index, 2023=100",10.4,2026-03-31,108.9,1.377,2025-06-30,108.4,1.845,STATCAN_BCPI_18100289,observed,inferred,,Ontario
PR_35,schools,hvac,BCPI_SCHOOL_HEATING_VENTILATION_AND_AIR_CONDITIONING,2026-06-30,103.8,"Index, 2023=100",3.8,2026-03-31,102.7,1.071,2025-06-30,107.1,-3.081,STATCAN_BCPI_18100289,observed,inferred,,Ontario
PR_35,schools,structural_steel_framing,BCPI_SCHOOL_STRUCTURAL_STEEL_FRAMING,2026-06-30,118.6,"Index, 2023=100",18.6,2026-03-31,116.3,1.978,2025-06-30,109.0,8.807,STATCAN_BCPI_18100289,observed,inferred,,Ontario
PR_46,municipal_operations_bus_depot,concrete,BCPI_BUS_DEPOT_WITH_MAINTENANCE_AND_REPAIR_FACILITIES_CONCRETE,2026-06-30,107.5,"Index, 2023=100",7.5,2026-03-31,106.5,0.939,2025-06-30,106.2,1.224,STATCAN_BCPI_18100289,observed,inferred,,Manitoba
PR_46,municipal_operations_bus_depot,electrical_systems,BCPI_BUS_DEPOT_WITH_MAINTENANCE_AND_REPAIR_FACILITIES_ELECTRICAL,2026-06-30,105.8,"Index, 2023=100",5.8,2026-03-31,104.5,1.244,2025-06-30,103.2,2.519,STATCAN_BCPI_18100289,observed,inferred,,Manitoba
PR_46,municipal_operations_bus_depot,hvac,BCPI_BUS_DEPOT_WITH_MAINTENANCE_AND_REPAIR_FACILITIES_HEATING_VENTILATION_AND_AIR_CONDITIONING,2026-06-30,110.2,"Index, 2023=100",10.2,2026-03-31,109.3,0.823,2025-06-30,101.9,8.145,STATCAN_BCPI_18100289,observed,inferred,,Manitoba
PR_46,municipal_operations_bus_depot,structural_steel_framing,BCPI_BUS_DEPOT_WITH_MAINTENANCE_AND_REPAIR_FACILITIES_STRUCTURAL_STEEL_FRAMING,2026-06-30,124.7,"Index, 2023=100",24.7,2026-03-31,121.1,2.973,2025-06-30,115.7,7.779,STATCAN_BCPI_18100289,observed,inferred,,Manitoba
PR_46,industrial_factory_proxy,concrete,BCPI_FACTORY_CONCRETE,2026-06-30,107.4,"Index, 2023=100",7.4,2026-03-31,106.4,0.94,2025-06-30,105.9,1.416,STATCAN_BCPI_18100289,observed,inferred,,Manitoba
PR_46,industrial_factory_proxy,electrical_systems,BCPI_FACTORY_ELECTRICAL,2026-06-30,105.1,"Index, 2023=100",5.1,2026-03-31,104.4,0.67,2025-06-30,103.2,1.841,STATCAN_BCPI_18100289,observed,inferred,,Manitoba
PR_46,industrial_factory_proxy,hvac,BCPI_FACTORY_HEATING_VENTILATION_AND_AIR_CONDITIONING,2026-06-30,112.8,"Index, 2023=100",12.8,2026-03-31,112.3,0.445,2025-06-30,102.0,10.588,STATCAN_BCPI_18100289,observed,inferred,,Manitoba
PR_46,industrial_factory_proxy,structural_steel_framing,BCPI_FACTORY_STRUCTURAL_STEEL_FRAMING,2026-06-30,124.7,"Index, 2023=100",24.7,2026-03-31,121.1,2.973,2025-06-30,115.7,7.779,STATCAN_BCPI_18100289,observed,inferred,,Manitoba
PR_46,institutional_buildings,concrete,BCPI_INSTITUTIONAL_BUILDINGS_62213_CONCRETE,2026-06-30,106.7,"Index, 2023=100",6.7,2026-03-31,106.0,0.66,2025-06-30,105.7,0.946,STATCAN_BCPI_18100289,observed,inferred,,Manitoba
PR_46,institutional_buildings,electrical_systems,BCPI_INSTITUTIONAL_BUILDINGS_62213_ELECTRICAL,2026-06-30,107.0,"Index, 2023=100",7.0,2026-03-31,106.3,0.659,2025-06-30,104.8,2.099,STATCAN_BCPI_18100289,observed,inferred,,Manitoba
PR_46,institutional_buildings,hvac,BCPI_INSTITUTIONAL_BUILDINGS_62213_HEATING_VENTILATION_AND_AIR_CONDITIONING,2026-06-30,101.9,"Index, 2023=100",1.9,2026-03-31,101.0,0.891,2025-06-30,104.6,-2.581,STATCAN_BCPI_18100289,observed,inferred,,Manitoba
PR_46,institutional_buildings,structural_steel_framing,BCPI_INSTITUTIONAL_BUILDINGS_62213_STRUCTURAL_STEEL_FRAMING,2026-06-30,124.7,"Index, 2023=100",24.7,2026-03-31,121.1,2.973,2025-06-30,115.7,7.779,STATCAN_BCPI_18100289,observed,inferred,,Manitoba
PR_46,schools,concrete,BCPI_SCHOOL_CONCRETE,2026-06-30,106.7,"Index, 2023=100",6.7,2026-03-31,106.0,0.66,2025-06-30,105.7,0.946,STATCAN_BCPI_18100289,observed,inferred,,Manitoba
PR_46,schools,electrical_systems,BCPI_SCHOOL_ELECTRICAL,2026-06-30,107.0,"Index, 2023=100",7.0,2026-03-31,106.3,0.659,2025-06-30,104.8,2.099,STATCAN_BCPI_18100289,observed,inferred,,Manitoba
PR_46,schools,hvac,BCPI_SCHOOL_HEATING_VENTILATION_AND_AIR_CONDITIONING,2026-06-30,101.9,"Index, 2023=100",1.9,2026-03-31,101.0,0.891,2025-06-30,104.6,-2.581,STATCAN_BCPI_18100289,observed,inferred,,Manitoba
PR_46,schools,structural_steel_framing,BCPI_SCHOOL_STRUCTURAL_STEEL_FRAMING,2026-06-30,124.7,"Index, 2023=100",24.7,2026-03-31,121.1,2.973,2025-06-30,115.7,7.779,STATCAN_BCPI_18100289,observed,inferred,,Manitoba
PR_47,municipal_operations_bus_depot,concrete,BCPI_BUS_DEPOT_WITH_MAINTENANCE_AND_REPAIR_FACILITIES_CONCRETE,2026-06-30,121.4,"Index, 2023=100",21.4,2026-03-31,118.6,2.361,2025-06-30,112.3,8.103,STATCAN_BCPI_18100289,observed,inferred,,Saskatchewan
PR_47,municipal_operations_bus_depot,electrical_systems,BCPI_BUS_DEPOT_WITH_MAINTENANCE_AND_REPAIR_FACILITIES_ELECTRICAL,2026-06-30,109.8,"Index, 2023=100",9.8,2026-03-31,108.4,1.292,2025-06-30,108.1,1.573,STATCAN_BCPI_18100289,observed,inferred,,Saskatchewan
PR_47,municipal_operations_bus_depot,hvac,BCPI_BUS_DEPOT_WITH_MAINTENANCE_AND_REPAIR_FACILITIES_HEATING_VENTILATION_AND_AIR_CONDITIONING,2026-06-30,110.6,"Index, 2023=100",10.6,2026-03-31,109.8,0.729,2025-06-30,102.8,7.588,STATCAN_BCPI_18100289,observed,inferred,,Saskatchewan
PR_47,municipal_operations_bus_depot,structural_steel_framing,BCPI_BUS_DEPOT_WITH_MAINTENANCE_AND_REPAIR_FACILITIES_STRUCTURAL_STEEL_FRAMING,2026-06-30,126.4,"Index, 2023=100",26.4,2026-03-31,120.5,4.896,2025-06-30,115.7,9.248,STATCAN_BCPI_18100289,observed,inferred,,Saskatchewan
PR_47,industrial_factory_proxy,concrete,BCPI_FACTORY_CONCRETE,2026-06-30,123.5,"Index, 2023=100",23.5,2026-03-31,119.0,3.782,2025-06-30,112.6,9.68,STATCAN_BCPI_18100289,observed,inferred,,Saskatchewan
PR_47,industrial_factory_proxy,electrical_systems,BCPI_FACTORY_ELECTRICAL,2026-06-30,109.6,"Index, 2023=100",9.6,2026-03-31,108.5,1.014,2025-06-30,107.7,1.764,STATCAN_BCPI_18100289,observed,inferred,,Saskatchewan
PR_47,industrial_factory_proxy,hvac,BCPI_FACTORY_HEATING_VENTILATION_AND_AIR_CONDITIONING,2026-06-30,113.1,"Index, 2023=100",13.1,2026-03-31,112.6,0.444,2025-06-30,102.8,10.019,STATCAN_BCPI_18100289,observed,inferred,,Saskatchewan
PR_47,industrial_factory_proxy,structural_steel_framing,BCPI_FACTORY_STRUCTURAL_STEEL_FRAMING,2026-06-30,129.7,"Index, 2023=100",29.7,2026-03-31,124.0,4.597,2025-06-30,120.9,7.279,STATCAN_BCPI_18100289,observed,inferred,,Saskatchewan
PR_47,institutional_buildings,concrete,BCPI_INSTITUTIONAL_BUILDINGS_62213_CONCRETE,2026-06-30,124.1,"Index, 2023=100",24.1,2026-03-31,120.5,2.988,2025-06-30,114.6,8.29,STATCAN_BCPI_18100289,observed,inferred,,Saskatchewan
PR_47,institutional_buildings,electrical_systems,BCPI_INSTITUTIONAL_BUILDINGS_62213_ELECTRICAL,2026-06-30,111.1,"Index, 2023=100",11.1,2026-03-31,110.3,0.725,2025-06-30,109.6,1.369,STATCAN_BCPI_18100289,observed,inferred,,Saskatchewan
PR_47,institutional_buildings,hvac,BCPI_INSTITUTIONAL_BUILDINGS_62213_HEATING_VENTILATION_AND_AIR_CONDITIONING,2026-06-30,102.1,"Index, 2023=100",2.1,2026-03-31,101.3,0.79,2025-06-30,105.6,-3.314,STATCAN_BCPI_18100289,observed,inferred,,Saskatchewan
PR_47,institutional_buildings,structural_steel_framing,BCPI_INSTITUTIONAL_BUILDINGS_62213_STRUCTURAL_STEEL_FRAMING,2026-06-30,127.7,"Index, 2023=100",27.7,2026-03-31,121.8,4.844,2025-06-30,118.0,8.22,STATCAN_BCPI_18100289,observed,inferred,,Saskatchewan
PR_47,schools,concrete,BCPI_SCHOOL_CONCRETE,2026-06-30,124.1,"Index, 2023=100",24.1,2026-03-31,120.5,2.988,2025-06-30,114.6,8.29,STATCAN_BCPI_18100289,observed,inferred,,Saskatchewan
PR_47,schools,electrical_systems,BCPI_SCHOOL_ELECTRICAL,2026-06-30,111.1,"Index, 2023=100",11.1,2026-03-31,110.3,0.725,2025-06-30,109.6,1.369,STATCAN_BCPI_18100289,observed,inferred,,Saskatchewan
PR_47,schools,hvac,BCPI_SCHOOL_HEATING_VENTILATION_AND_AIR_CONDITIONING,2026-06-30,102.1,"Index, 2023=100",2.1,2026-03-31,101.3,0.79,2025-06-30,105.6,-3.314,STATCAN_BCPI_18100289,observed,inferred,,Saskatchewan
PR_47,schools,structural_steel_framing,BCPI_SCHOOL_STRUCTURAL_STEEL_FRAMING,2026-06-30,127.7,"Index, 2023=100",27.7,2026-03-31,121.8,4.844,2025-06-30,118.0,8.22,STATCAN_BCPI_18100289,observed,inferred,,Saskatchewan
PR_48,municipal_operations_bus_depot,concrete,BCPI_BUS_DEPOT_WITH_MAINTENANCE_AND_REPAIR_FACILITIES_CONCRETE,2026-06-30,115.3,"Index, 2023=100",15.3,2026-03-31,113.2,1.855,2025-06-30,110.2,4.628,STATCAN_BCPI_18100289,observed,inferred,,Alberta
PR_48,municipal_operations_bus_depot,electrical_systems,BCPI_BUS_DEPOT_WITH_MAINTENANCE_AND_REPAIR_FACILITIES_ELECTRICAL,2026-06-30,112.0,"Index, 2023=100",12.0,2026-03-31,111.1,0.81,2025-06-30,110.7,1.174,STATCAN_BCPI_18100289,observed,inferred,,Alberta
PR_48,municipal_operations_bus_depot,hvac,BCPI_BUS_DEPOT_WITH_MAINTENANCE_AND_REPAIR_FACILITIES_HEATING_VENTILATION_AND_AIR_CONDITIONING,2026-06-30,117.4,"Index, 2023=100",17.4,2026-03-31,116.4,0.859,2025-06-30,109.1,7.608,STATCAN_BCPI_18100289,observed,inferred,,Alberta
PR_48,municipal_operations_bus_depot,structural_steel_framing,BCPI_BUS_DEPOT_WITH_MAINTENANCE_AND_REPAIR_FACILITIES_STRUCTURAL_STEEL_FRAMING,2026-06-30,117.9,"Index, 2023=100",17.9,2026-03-31,114.7,2.79,2025-06-30,107.5,9.674,STATCAN_BCPI_18100289,observed,inferred,,Alberta
PR_48,industrial_factory_proxy,concrete,BCPI_FACTORY_CONCRETE,2026-06-30,117.8,"Index, 2023=100",17.8,2026-03-31,115.4,2.08,2025-06-30,112.1,5.085,STATCAN_BCPI_18100289,observed,inferred,,Alberta
PR_48,industrial_factory_proxy,electrical_systems,BCPI_FACTORY_ELECTRICAL,2026-06-30,109.6,"Index, 2023=100",9.6,2026-03-31,109.1,0.458,2025-06-30,108.6,0.921,STATCAN_BCPI_18100289,observed,inferred,,Alberta
PR_48,industrial_factory_proxy,hvac,BCPI_FACTORY_HEATING_VENTILATION_AND_AIR_CONDITIONING,2026-06-30,119.4,"Index, 2023=100",19.4,2026-03-31,118.7,0.59,2025-06-30,108.5,10.046,STATCAN_BCPI_18100289,observed,inferred,,Alberta
PR_48,industrial_factory_proxy,structural_steel_framing,BCPI_FACTORY_STRUCTURAL_STEEL_FRAMING,2026-06-30,120.1,"Index, 2023=100",20.1,2026-03-31,116.8,2.825,2025-06-30,109.1,10.082,STATCAN_BCPI_18100289,observed,inferred,,Alberta
PR_48,institutional_buildings,concrete,BCPI_INSTITUTIONAL_BUILDINGS_62213_CONCRETE,2026-06-30,112.4,"Index, 2023=100",12.4,2026-03-31,110.7,1.536,2025-06-30,107.9,4.171,STATCAN_BCPI_18100289,observed,inferred,,Alberta
PR_48,institutional_buildings,electrical_systems,BCPI_INSTITUTIONAL_BUILDINGS_62213_ELECTRICAL,2026-06-30,113.0,"Index, 2023=100",13.0,2026-03-31,112.8,0.177,2025-06-30,112.2,0.713,STATCAN_BCPI_18100289,observed,inferred,,Alberta
PR_48,institutional_buildings,hvac,BCPI_INSTITUTIONAL_BUILDINGS_62213_HEATING_VENTILATION_AND_AIR_CONDITIONING,2026-06-30,108.5,"Index, 2023=100",8.5,2026-03-31,107.5,0.93,2025-06-30,111.7,-2.865,STATCAN_BCPI_18100289,observed,inferred,,Alberta
PR_48,institutional_buildings,structural_steel_framing,BCPI_INSTITUTIONAL_BUILDINGS_62213_STRUCTURAL_STEEL_FRAMING,2026-06-30,115.2,"Index, 2023=100",15.2,2026-03-31,112.4,2.491,2025-06-30,105.9,8.782,STATCAN_BCPI_18100289,observed,inferred,,Alberta
PR_48,schools,concrete,BCPI_SCHOOL_CONCRETE,2026-06-30,112.4,"Index, 2023=100",12.4,2026-03-31,110.7,1.536,2025-06-30,107.9,4.171,STATCAN_BCPI_18100289,observed,inferred,,Alberta
PR_48,schools,electrical_systems,BCPI_SCHOOL_ELECTRICAL,2026-06-30,113.0,"Index, 2023=100",13.0,2026-03-31,112.8,0.177,2025-06-30,112.2,0.713,STATCAN_BCPI_18100289,observed,inferred,,Alberta
PR_48,schools,hvac,BCPI_SCHOOL_HEATING_VENTILATION_AND_AIR_CONDITIONING,2026-06-30,108.5,"Index, 2023=100",8.5,2026-03-31,107.5,0.93,2025-06-30,111.7,-2.865,STATCAN_BCPI_18100289,observed,inferred,,Alberta
PR_48,schools,structural_steel_framing,BCPI_SCHOOL_STRUCTURAL_STEEL_FRAMING,2026-06-30,115.2,"Index, 2023=100",15.2,2026-03-31,112.4,2.491,2025-06-30,105.9,8.782,STATCAN_BCPI_18100289,observed,inferred,,Alberta
PR_59,municipal_operations_bus_depot,concrete,BCPI_BUS_DEPOT_WITH_MAINTENANCE_AND_REPAIR_FACILITIES_CONCRETE,2026-06-30,107.2,"Index, 2023=100",7.2,2026-03-31,107.5,-0.279,2025-06-30,109.8,-2.368,STATCAN_BCPI_18100289,observed,inferred,,British Columbia
PR_59,municipal_operations_bus_depot,electrical_systems,BCPI_BUS_DEPOT_WITH_MAINTENANCE_AND_REPAIR_FACILITIES_ELECTRICAL,2026-06-30,111.4,"Index, 2023=100",11.4,2026-03-31,110.7,0.632,2025-06-30,109.7,1.55,STATCAN_BCPI_18100289,observed,inferred,,British Columbia
PR_59,municipal_operations_bus_depot,hvac,BCPI_BUS_DEPOT_WITH_MAINTENANCE_AND_REPAIR_FACILITIES_HEATING_VENTILATION_AND_AIR_CONDITIONING,2026-06-30,109.0,"Index, 2023=100",9.0,2026-03-31,108.7,0.276,2025-06-30,107.2,1.679,STATCAN_BCPI_18100289,observed,inferred,,British Columbia
PR_59,municipal_operations_bus_depot,structural_steel_framing,BCPI_BUS_DEPOT_WITH_MAINTENANCE_AND_REPAIR_FACILITIES_STRUCTURAL_STEEL_FRAMING,2026-06-30,117.4,"Index, 2023=100",17.4,2026-03-31,118.0,-0.508,2025-06-30,111.3,5.481,STATCAN_BCPI_18100289,observed,inferred,,British Columbia
PR_59,industrial_factory_proxy,concrete,BCPI_FACTORY_CONCRETE,2026-06-30,107.5,"Index, 2023=100",7.5,2026-03-31,107.6,-0.093,2025-06-30,109.9,-2.184,STATCAN_BCPI_18100289,observed,inferred,,British Columbia
PR_59,industrial_factory_proxy,electrical_systems,BCPI_FACTORY_ELECTRICAL,2026-06-30,109.1,"Index, 2023=100",9.1,2026-03-31,108.7,0.368,2025-06-30,108.1,0.925,STATCAN_BCPI_18100289,observed,inferred,,British Columbia
PR_59,industrial_factory_proxy,hvac,BCPI_FACTORY_HEATING_VENTILATION_AND_AIR_CONDITIONING,2026-06-30,107.9,"Index, 2023=100",7.9,2026-03-31,107.8,0.093,2025-06-30,107.1,0.747,STATCAN_BCPI_18100289,observed,inferred,,British Columbia
PR_59,industrial_factory_proxy,structural_steel_framing,BCPI_FACTORY_STRUCTURAL_STEEL_FRAMING,2026-06-30,117.4,"Index, 2023=100",17.4,2026-03-31,118.0,-0.508,2025-06-30,111.2,5.576,STATCAN_BCPI_18100289,observed,inferred,,British Columbia
PR_59,institutional_buildings,concrete,BCPI_INSTITUTIONAL_BUILDINGS_62213_CONCRETE,2026-06-30,105.5,"Index, 2023=100",5.5,2026-03-31,106.2,-0.659,2025-06-30,108.7,-2.944,STATCAN_BCPI_18100289,observed,inferred,,British Columbia
PR_59,institutional_buildings,electrical_systems,BCPI_INSTITUTIONAL_BUILDINGS_62213_ELECTRICAL,2026-06-30,112.5,"Index, 2023=100",12.5,2026-03-31,112.3,0.178,2025-06-30,111.1,1.26,STATCAN_BCPI_18100289,observed,inferred,,British Columbia
PR_59,institutional_buildings,hvac,BCPI_INSTITUTIONAL_BUILDINGS_62213_HEATING_VENTILATION_AND_AIR_CONDITIONING,2026-06-30,108.8,"Index, 2023=100",8.8,2026-03-31,108.5,0.276,2025-06-30,109.2,-0.366,STATCAN_BCPI_18100289,observed,inferred,,British Columbia
PR_59,institutional_buildings,structural_steel_framing,BCPI_INSTITUTIONAL_BUILDINGS_62213_STRUCTURAL_STEEL_FRAMING,2026-06-30,116.7,"Index, 2023=100",16.7,2026-03-31,116.5,0.172,2025-06-30,110.8,5.325,STATCAN_BCPI_18100289,observed,inferred,,British Columbia
PR_59,schools,concrete,BCPI_SCHOOL_CONCRETE,2026-06-30,105.5,"Index, 2023=100",5.5,2026-03-31,106.2,-0.659,2025-06-30,108.7,-2.944,STATCAN_BCPI_18100289,observed,inferred,,British Columbia
PR_59,schools,electrical_systems,BCPI_SCHOOL_ELECTRICAL,2026-06-30,112.5,"Index, 2023=100",12.5,2026-03-31,112.3,0.178,2025-06-30,111.1,1.26,STATCAN_BCPI_18100289,observed,inferred,,British Columbia
PR_59,schools,hvac,BCPI_SCHOOL_HEATING_VENTILATION_AND_AIR_CONDITIONING,2026-06-30,108.8,"Index, 2023=100",8.8,2026-03-31,108.5,0.276,2025-06-30,109.2,-0.366,STATCAN_BCPI_18100289,observed,inferred,,British Columbia
PR_59,schools,structural_steel_framing,BCPI_SCHOOL_STRUCTURAL_STEEL_FRAMING,2026-06-30,116.7,"Index, 2023=100",16.7,2026-03-31,116.5,0.172,2025-06-30,110.8,5.325,STATCAN_BCPI_18100289,observed,inferred,,British Columbia
