release_quarter,release_date_claim,market,aggregate,index_base,year_prior_index,previous_quarter_index,release_quarter_index,published_qoq_percent,published_yoy_percent,source_url,source_sha256,benchmark_asset_mapping,publication_review_status
2023Q4,2024-02-01,Calgary,residential,(2017=100),175.5,179.2,182.3,1.7,3.9,https://www150.statcan.gc.ca/n1/daily-quotidien/240201/t001a-eng.csv,sha256:a9f21fb6fb828acfb2a0605e4f413340ab0d008b074724118ef4d6d5df546ef4,unavailable_aggregate_only,pending
2023Q4,2024-02-01,Edmonton,residential,(2017=100),166.6,164.7,164.6,-0.1,-1.2,https://www150.statcan.gc.ca/n1/daily-quotidien/240201/t001a-eng.csv,sha256:a9f21fb6fb828acfb2a0605e4f413340ab0d008b074724118ef4d6d5df546ef4,unavailable_aggregate_only,pending
2023Q4,2024-02-01,Calgary,non_residential,(2017=100),120.7,125.0,125.7,0.6,4.1,https://www150.statcan.gc.ca/n1/daily-quotidien/240201/t001a-eng.csv,sha256:a9f21fb6fb828acfb2a0605e4f413340ab0d008b074724118ef4d6d5df546ef4,unavailable_aggregate_only,pending
2023Q4,2024-02-01,Edmonton,non_residential,(2017=100),130.6,134.4,135.3,0.7,3.6,https://www150.statcan.gc.ca/n1/daily-quotidien/240201/t001a-eng.csv,sha256:a9f21fb6fb828acfb2a0605e4f413340ab0d008b074724118ef4d6d5df546ef4,unavailable_aggregate_only,pending
2024Q1,2024-05-02,Calgary,residential,(2017=100),174.7,182.4,185.6,1.8,6.2,https://www150.statcan.gc.ca/n1/daily-quotidien/240502/t001c-eng.csv,sha256:447bab8379b7e4623aed5c2427aa82914b9b03638d4f281235964c7328e52ee6,unavailable_aggregate_only,pending
2024Q1,2024-05-02,Edmonton,residential,(2017=100),166.6,164.7,166.8,1.3,0.1,https://www150.statcan.gc.ca/n1/daily-quotidien/240502/t001c-eng.csv,sha256:447bab8379b7e4623aed5c2427aa82914b9b03638d4f281235964c7328e52ee6,unavailable_aggregate_only,pending
2024Q1,2024-05-02,Calgary,non_residential,(2017=100),122.1,125.6,126.1,0.4,3.3,https://www150.statcan.gc.ca/n1/daily-quotidien/240502/t001c-eng.csv,sha256:447bab8379b7e4623aed5c2427aa82914b9b03638d4f281235964c7328e52ee6,unavailable_aggregate_only,pending
2024Q1,2024-05-02,Edmonton,non_residential,(2017=100),132.0,135.3,136.7,1.0,3.6,https://www150.statcan.gc.ca/n1/daily-quotidien/240502/t001c-eng.csv,sha256:447bab8379b7e4623aed5c2427aa82914b9b03638d4f281235964c7328e52ee6,unavailable_aggregate_only,pending
2024Q2,2024-07-30,Calgary,residential,(2017=100),177.0,186.7,190.0,1.8,7.3,https://www150.statcan.gc.ca/n1/daily-quotidien/240730/t001d-eng.csv,sha256:72c9c83c7162384bbf8e4e77130909584736c7a59fe20b2b5b5a6e7d7266029c,unavailable_aggregate_only,pending
2024Q2,2024-07-30,Edmonton,residential,(2017=100),164.8,168.0,170.0,1.2,3.2,https://www150.statcan.gc.ca/n1/daily-quotidien/240730/t001d-eng.csv,sha256:72c9c83c7162384bbf8e4e77130909584736c7a59fe20b2b5b5a6e7d7266029c,unavailable_aggregate_only,pending
2024Q2,2024-07-30,Calgary,non_residential,(2017=100),123.9,127.4,128.9,1.2,4.0,https://www150.statcan.gc.ca/n1/daily-quotidien/240730/t001d-eng.csv,sha256:72c9c83c7162384bbf8e4e77130909584736c7a59fe20b2b5b5a6e7d7266029c,unavailable_aggregate_only,pending
2024Q2,2024-07-30,Edmonton,non_residential,(2017=100),133.0,138.2,139.6,1.0,5.0,https://www150.statcan.gc.ca/n1/daily-quotidien/240730/t001d-eng.csv,sha256:72c9c83c7162384bbf8e4e77130909584736c7a59fe20b2b5b5a6e7d7266029c,unavailable_aggregate_only,pending
2024Q3,2024-11-05,Calgary,residential,(2023=100),100.5,106.6,108.0,1.3,7.5,https://www150.statcan.gc.ca/n1/daily-quotidien/241105/t001c-eng.csv,sha256:a92dfb96904d42e08f8e011ccdc1ae244f52e9976819663a5920d76b609f9bb7,unavailable_aggregate_only,pending
2024Q3,2024-11-05,Edmonton,residential,(2023=100),99.7,103.0,103.8,0.8,4.1,https://www150.statcan.gc.ca/n1/daily-quotidien/241105/t001c-eng.csv,sha256:a92dfb96904d42e08f8e011ccdc1ae244f52e9976819663a5920d76b609f9bb7,unavailable_aggregate_only,pending
2024Q3,2024-11-05,Calgary,non_residential,(2023=100),100.6,104.0,104.8,0.8,4.2,https://www150.statcan.gc.ca/n1/daily-quotidien/241105/t001c-eng.csv,sha256:a92dfb96904d42e08f8e011ccdc1ae244f52e9976819663a5920d76b609f9bb7,unavailable_aggregate_only,pending
2024Q3,2024-11-05,Edmonton,non_residential,(2023=100),100.5,104.6,105.4,0.8,4.9,https://www150.statcan.gc.ca/n1/daily-quotidien/241105/t001c-eng.csv,sha256:a92dfb96904d42e08f8e011ccdc1ae244f52e9976819663a5920d76b609f9bb7,unavailable_aggregate_only,pending
2024Q4,2025-02-04,Calgary,residential,(2023=100),102.3,108.0,109.9,1.8,7.4,https://www150.statcan.gc.ca/n1/daily-quotidien/250204/t001b-eng.csv,sha256:5d82afbe8873701a7e14ecc3c1a455a54b5892d713b0477f888b3e3e9123f5d8,unavailable_aggregate_only,pending
2024Q4,2025-02-04,Edmonton,residential,(2023=100),99.7,103.8,105.2,1.3,5.5,https://www150.statcan.gc.ca/n1/daily-quotidien/250204/t001b-eng.csv,sha256:5d82afbe8873701a7e14ecc3c1a455a54b5892d713b0477f888b3e3e9123f5d8,unavailable_aggregate_only,pending
2024Q4,2025-02-04,Calgary,non_residential,(2023=100),101.2,104.9,104.9,0.0,3.7,https://www150.statcan.gc.ca/n1/daily-quotidien/250204/t001b-eng.csv,sha256:5d82afbe8873701a7e14ecc3c1a455a54b5892d713b0477f888b3e3e9123f5d8,unavailable_aggregate_only,pending
2024Q4,2025-02-04,Edmonton,non_residential,(2023=100),101.2,105.5,106.0,0.5,4.7,https://www150.statcan.gc.ca/n1/daily-quotidien/250204/t001b-eng.csv,sha256:5d82afbe8873701a7e14ecc3c1a455a54b5892d713b0477f888b3e3e9123f5d8,unavailable_aggregate_only,pending
2025Q1,2025-04-25,Calgary,residential,(2023=100),104.7,109.9,111.9,1.8,6.9,https://www150.statcan.gc.ca/n1/daily-quotidien/250425/t001b-eng.csv,sha256:a13662756d0048546a7ce71df7779ea0a57b0bbcae1d743626b26cabf0bb0b04,unavailable_aggregate_only,pending
2025Q1,2025-04-25,Edmonton,residential,(2023=100),101.7,105.2,106.3,1.0,4.5,https://www150.statcan.gc.ca/n1/daily-quotidien/250425/t001b-eng.csv,sha256:a13662756d0048546a7ce71df7779ea0a57b0bbcae1d743626b26cabf0bb0b04,unavailable_aggregate_only,pending
2025Q1,2025-04-25,Calgary,non_residential,(2023=100),102.6,104.9,105.9,1.0,3.2,https://www150.statcan.gc.ca/n1/daily-quotidien/250425/t001b-eng.csv,sha256:a13662756d0048546a7ce71df7779ea0a57b0bbcae1d743626b26cabf0bb0b04,unavailable_aggregate_only,pending
2025Q1,2025-04-25,Edmonton,non_residential,(2023=100),103.4,106.0,106.8,0.8,3.3,https://www150.statcan.gc.ca/n1/daily-quotidien/250425/t001b-eng.csv,sha256:a13662756d0048546a7ce71df7779ea0a57b0bbcae1d743626b26cabf0bb0b04,unavailable_aggregate_only,pending
2025Q2,2025-07-24,Calgary,residential,(2023=100),106.6,112.1,112.5,0.4,5.5,https://www150.statcan.gc.ca/n1/daily-quotidien/250724/t001d-eng.csv,sha256:f8d65974219d62472ae3fbf909963aef8e716299447f9ec6d2c91324252515b1,unavailable_aggregate_only,pending
2025Q2,2025-07-24,Edmonton,residential,(2023=100),103.0,106.5,107.5,0.9,4.4,https://www150.statcan.gc.ca/n1/daily-quotidien/250724/t001d-eng.csv,sha256:f8d65974219d62472ae3fbf909963aef8e716299447f9ec6d2c91324252515b1,unavailable_aggregate_only,pending
2025Q2,2025-07-24,Calgary,non_residential,(2023=100),104.0,106.1,107.5,1.3,3.4,https://www150.statcan.gc.ca/n1/daily-quotidien/250724/t001d-eng.csv,sha256:f8d65974219d62472ae3fbf909963aef8e716299447f9ec6d2c91324252515b1,unavailable_aggregate_only,pending
2025Q2,2025-07-24,Edmonton,non_residential,(2023=100),104.6,107.0,108.5,1.4,3.7,https://www150.statcan.gc.ca/n1/daily-quotidien/250724/t001d-eng.csv,sha256:f8d65974219d62472ae3fbf909963aef8e716299447f9ec6d2c91324252515b1,unavailable_aggregate_only,pending
2025Q3,2025-11-04,Calgary,residential,(2023=100),108.0,112.6,112.5,-0.1,4.2,https://www150.statcan.gc.ca/n1/daily-quotidien/251104/t001b-eng.csv,sha256:beae64b43f3c24cefb749f428900007bb1012bf8e123973d2ad20e10ae59488f,unavailable_aggregate_only,pending
2025Q3,2025-11-04,Edmonton,residential,(2023=100),103.8,107.6,108.8,1.1,4.8,https://www150.statcan.gc.ca/n1/daily-quotidien/251104/t001b-eng.csv,sha256:beae64b43f3c24cefb749f428900007bb1012bf8e123973d2ad20e10ae59488f,unavailable_aggregate_only,pending
2025Q3,2025-11-04,Calgary,non_residential,(2023=100),104.9,107.7,107.9,0.2,2.9,https://www150.statcan.gc.ca/n1/daily-quotidien/251104/t001b-eng.csv,sha256:beae64b43f3c24cefb749f428900007bb1012bf8e123973d2ad20e10ae59488f,unavailable_aggregate_only,pending
2025Q3,2025-11-04,Edmonton,non_residential,(2023=100),105.5,108.7,109.6,0.8,3.9,https://www150.statcan.gc.ca/n1/daily-quotidien/251104/t001b-eng.csv,sha256:beae64b43f3c24cefb749f428900007bb1012bf8e123973d2ad20e10ae59488f,unavailable_aggregate_only,pending
