REF_DATE,GEO,DGUID,Type of building,Division,UOM,UOM_ID,SCALAR_FACTOR,SCALAR_ID,VECTOR,COORDINATE,VALUE,STATUS,SYMBOL,TERMINATED,DECIMALS
2017-01,"Calgary, Alberta",2016S0503825,Office building,Division composite,"Index, 2017=100",373,units,0,v1478310516,10.9.1,99.6,,,,1
2017-01,"Calgary, Alberta",2016S0503825,Institutional buildings [62213],Division composite,"Index, 2017=100",373,units,0,v1478310779,10.15.1,99.5,,,,1
2017-01,"Calgary, Alberta",2016S0503825,School,Division composite,"Index, 2017=100",373,units,0,v1478309482,10.16.1,99.5,,,,1
2017-01,"Edmonton, Alberta",2016S0503835,Office building,Division composite,"Index, 2017=100",373,units,0,v1478310321,11.9.1,99.7,,,,1
2017-01,"Edmonton, Alberta",2016S0503835,Institutional buildings [62213],Division composite,"Index, 2017=100",373,units,0,v1478310707,11.15.1,99.5,,,,1
2017-01,"Edmonton, Alberta",2016S0503835,School,Division composite,"Index, 2017=100",373,units,0,v1478312533,11.16.1,99.5,,,,1
2017-04,"Calgary, Alberta",2016S0503825,Office building,Division composite,"Index, 2017=100",373,units,0,v1478310516,10.9.1,99.9,,,,1
2017-04,"Calgary, Alberta",2016S0503825,Institutional buildings [62213],Division composite,"Index, 2017=100",373,units,0,v1478310779,10.15.1,99.9,,,,1
2017-04,"Calgary, Alberta",2016S0503825,School,Division composite,"Index, 2017=100",373,units,0,v1478309482,10.16.1,99.9,,,,1
2017-04,"Edmonton, Alberta",2016S0503835,Office building,Division composite,"Index, 2017=100",373,units,0,v1478310321,11.9.1,99.8,,,,1
2017-04,"Edmonton, Alberta",2016S0503835,Institutional buildings [62213],Division composite,"Index, 2017=100",373,units,0,v1478310707,11.15.1,99.8,,,,1
2017-04,"Edmonton, Alberta",2016S0503835,School,Division composite,"Index, 2017=100",373,units,0,v1478312533,11.16.1,99.8,,,,1
2017-07,"Calgary, Alberta",2016S0503825,Office building,Division composite,"Index, 2017=100",373,units,0,v1478310516,10.9.1,100.1,,,,1
2017-07,"Calgary, Alberta",2016S0503825,Institutional buildings [62213],Division composite,"Index, 2017=100",373,units,0,v1478310779,10.15.1,100.2,,,,1
2017-07,"Calgary, Alberta",2016S0503825,School,Division composite,"Index, 2017=100",373,units,0,v1478309482,10.16.1,100.2,,,,1
2017-07,"Edmonton, Alberta",2016S0503835,Office building,Division composite,"Index, 2017=100",373,units,0,v1478310321,11.9.1,100.0,,,,1
2017-07,"Edmonton, Alberta",2016S0503835,Institutional buildings [62213],Division composite,"Index, 2017=100",373,units,0,v1478310707,11.15.1,100.2,,,,1
2017-07,"Edmonton, Alberta",2016S0503835,School,Division composite,"Index, 2017=100",373,units,0,v1478312533,11.16.1,100.2,,,,1
2017-10,"Calgary, Alberta",2016S0503825,Office building,Division composite,"Index, 2017=100",373,units,0,v1478310516,10.9.1,100.4,,,,1
2017-10,"Calgary, Alberta",2016S0503825,Institutional buildings [62213],Division composite,"Index, 2017=100",373,units,0,v1478310779,10.15.1,100.4,,,,1
2017-10,"Calgary, Alberta",2016S0503825,School,Division composite,"Index, 2017=100",373,units,0,v1478309482,10.16.1,100.4,,,,1
2017-10,"Edmonton, Alberta",2016S0503835,Office building,Division composite,"Index, 2017=100",373,units,0,v1478310321,11.9.1,100.5,,,,1
2017-10,"Edmonton, Alberta",2016S0503835,Institutional buildings [62213],Division composite,"Index, 2017=100",373,units,0,v1478310707,11.15.1,100.5,,,,1
2017-10,"Edmonton, Alberta",2016S0503835,School,Division composite,"Index, 2017=100",373,units,0,v1478312533,11.16.1,100.5,,,,1
2018-01,"Calgary, Alberta",2016S0503825,Office building,Division composite,"Index, 2017=100",373,units,0,v1478310516,10.9.1,100.8,,,,1
2018-01,"Calgary, Alberta",2016S0503825,Institutional buildings [62213],Division composite,"Index, 2017=100",373,units,0,v1478310779,10.15.1,100.7,,,,1
2018-01,"Calgary, Alberta",2016S0503825,School,Division composite,"Index, 2017=100",373,units,0,v1478309482,10.16.1,100.7,,,,1
2018-01,"Edmonton, Alberta",2016S0503835,Office building,Division composite,"Index, 2017=100",373,units,0,v1478310321,11.9.1,101.0,,,,1
2018-01,"Edmonton, Alberta",2016S0503835,Institutional buildings [62213],Division composite,"Index, 2017=100",373,units,0,v1478310707,11.15.1,100.9,,,,1
2018-01,"Edmonton, Alberta",2016S0503835,School,Division composite,"Index, 2017=100",373,units,0,v1478312533,11.16.1,100.9,,,,1
2018-04,"Calgary, Alberta",2016S0503825,Office building,Division composite,"Index, 2017=100",373,units,0,v1478310516,10.9.1,101.3,,,,1
2018-04,"Calgary, Alberta",2016S0503825,Institutional buildings [62213],Division composite,"Index, 2017=100",373,units,0,v1478310779,10.15.1,101.2,,,,1
2018-04,"Calgary, Alberta",2016S0503825,School,Division composite,"Index, 2017=100",373,units,0,v1478309482,10.16.1,101.2,,,,1
2018-04,"Edmonton, Alberta",2016S0503835,Office building,Division composite,"Index, 2017=100",373,units,0,v1478310321,11.9.1,101.9,,,,1
2018-04,"Edmonton, Alberta",2016S0503835,Institutional buildings [62213],Division composite,"Index, 2017=100",373,units,0,v1478310707,11.15.1,101.6,,,,1
2018-04,"Edmonton, Alberta",2016S0503835,School,Division composite,"Index, 2017=100",373,units,0,v1478312533,11.16.1,101.6,,,,1
2018-07,"Calgary, Alberta",2016S0503825,Office building,Division composite,"Index, 2017=100",373,units,0,v1478310516,10.9.1,102.3,,,,1
2018-07,"Calgary, Alberta",2016S0503825,Institutional buildings [62213],Division composite,"Index, 2017=100",373,units,0,v1478310779,10.15.1,102.2,,,,1
2018-07,"Calgary, Alberta",2016S0503825,School,Division composite,"Index, 2017=100",373,units,0,v1478309482,10.16.1,102.2,,,,1
2018-07,"Edmonton, Alberta",2016S0503835,Office building,Division composite,"Index, 2017=100",373,units,0,v1478310321,11.9.1,103.0,,,,1
2018-07,"Edmonton, Alberta",2016S0503835,Institutional buildings [62213],Division composite,"Index, 2017=100",373,units,0,v1478310707,11.15.1,102.6,,,,1
2018-07,"Edmonton, Alberta",2016S0503835,School,Division composite,"Index, 2017=100",373,units,0,v1478312533,11.16.1,102.6,,,,1
2018-10,"Calgary, Alberta",2016S0503825,Office building,Division composite,"Index, 2017=100",373,units,0,v1478310516,10.9.1,102.9,,,,1
2018-10,"Calgary, Alberta",2016S0503825,Institutional buildings [62213],Division composite,"Index, 2017=100",373,units,0,v1478310779,10.15.1,102.8,,,,1
2018-10,"Calgary, Alberta",2016S0503825,School,Division composite,"Index, 2017=100",373,units,0,v1478309482,10.16.1,102.8,,,,1
2018-10,"Edmonton, Alberta",2016S0503835,Office building,Division composite,"Index, 2017=100",373,units,0,v1478310321,11.9.1,103.6,,,,1
2018-10,"Edmonton, Alberta",2016S0503835,Institutional buildings [62213],Division composite,"Index, 2017=100",373,units,0,v1478310707,11.15.1,103.3,,,,1
2018-10,"Edmonton, Alberta",2016S0503835,School,Division composite,"Index, 2017=100",373,units,0,v1478312533,11.16.1,103.3,,,,1
2019-01,"Calgary, Alberta",2016S0503825,Office building,Division composite,"Index, 2017=100",373,units,0,v1478310516,10.9.1,103.4,,,,1
2019-01,"Calgary, Alberta",2016S0503825,Institutional buildings [62213],Division composite,"Index, 2017=100",373,units,0,v1478310779,10.15.1,103.2,,,,1
2019-01,"Calgary, Alberta",2016S0503825,School,Division composite,"Index, 2017=100",373,units,0,v1478309482,10.16.1,103.2,,,,1
2019-01,"Edmonton, Alberta",2016S0503835,Office building,Division composite,"Index, 2017=100",373,units,0,v1478310321,11.9.1,104.3,,,,1
2019-01,"Edmonton, Alberta",2016S0503835,Institutional buildings [62213],Division composite,"Index, 2017=100",373,units,0,v1478310707,11.15.1,104.0,,,,1
2019-01,"Edmonton, Alberta",2016S0503835,School,Division composite,"Index, 2017=100",373,units,0,v1478312533,11.16.1,104.0,,,,1
2019-04,"Calgary, Alberta",2016S0503825,Office building,Division composite,"Index, 2017=100",373,units,0,v1478310516,10.9.1,103.5,,,,1
2019-04,"Calgary, Alberta",2016S0503825,Institutional buildings [62213],Division composite,"Index, 2017=100",373,units,0,v1478310779,10.15.1,103.4,,,,1
2019-04,"Calgary, Alberta",2016S0503825,School,Division composite,"Index, 2017=100",373,units,0,v1478309482,10.16.1,103.4,,,,1
2019-04,"Edmonton, Alberta",2016S0503835,Office building,Division composite,"Index, 2017=100",373,units,0,v1478310321,11.9.1,104.3,,,,1
2019-04,"Edmonton, Alberta",2016S0503835,Institutional buildings [62213],Division composite,"Index, 2017=100",373,units,0,v1478310707,11.15.1,104.1,,,,1
2019-04,"Edmonton, Alberta",2016S0503835,School,Division composite,"Index, 2017=100",373,units,0,v1478312533,11.16.1,104.1,,,,1
2019-07,"Calgary, Alberta",2016S0503825,Office building,Division composite,"Index, 2017=100",373,units,0,v1478310516,10.9.1,103.6,,,,1
2019-07,"Calgary, Alberta",2016S0503825,Institutional buildings [62213],Division composite,"Index, 2017=100",373,units,0,v1478310779,10.15.1,103.5,,,,1
2019-07,"Calgary, Alberta",2016S0503825,School,Division composite,"Index, 2017=100",373,units,0,v1478309482,10.16.1,103.5,,,,1
2019-07,"Edmonton, Alberta",2016S0503835,Office building,Division composite,"Index, 2017=100",373,units,0,v1478310321,11.9.1,104.7,,,,1
2019-07,"Edmonton, Alberta",2016S0503835,Institutional buildings [62213],Division composite,"Index, 2017=100",373,units,0,v1478310707,11.15.1,104.4,,,,1
2019-07,"Edmonton, Alberta",2016S0503835,School,Division composite,"Index, 2017=100",373,units,0,v1478312533,11.16.1,104.4,,,,1
2019-10,"Calgary, Alberta",2016S0503825,Office building,Division composite,"Index, 2017=100",373,units,0,v1478310516,10.9.1,103.5,,,,1
2019-10,"Calgary, Alberta",2016S0503825,Institutional buildings [62213],Division composite,"Index, 2017=100",373,units,0,v1478310779,10.15.1,103.5,,,,1
2019-10,"Calgary, Alberta",2016S0503825,School,Division composite,"Index, 2017=100",373,units,0,v1478309482,10.16.1,103.5,,,,1
2019-10,"Edmonton, Alberta",2016S0503835,Office building,Division composite,"Index, 2017=100",373,units,0,v1478310321,11.9.1,104.7,,,,1
2019-10,"Edmonton, Alberta",2016S0503835,Institutional buildings [62213],Division composite,"Index, 2017=100",373,units,0,v1478310707,11.15.1,104.6,,,,1
2019-10,"Edmonton, Alberta",2016S0503835,School,Division composite,"Index, 2017=100",373,units,0,v1478312533,11.16.1,104.6,,,,1
2020-01,"Calgary, Alberta",2016S0503825,Office building,Division composite,"Index, 2017=100",373,units,0,v1478310516,10.9.1,104.0,,,,1
2020-01,"Calgary, Alberta",2016S0503825,Institutional buildings [62213],Division composite,"Index, 2017=100",373,units,0,v1478310779,10.15.1,104.0,,,,1
2020-01,"Calgary, Alberta",2016S0503825,School,Division composite,"Index, 2017=100",373,units,0,v1478309482,10.16.1,104.0,,,,1
2020-01,"Edmonton, Alberta",2016S0503835,Office building,Division composite,"Index, 2017=100",373,units,0,v1478310321,11.9.1,105.1,,,,1
2020-01,"Edmonton, Alberta",2016S0503835,Institutional buildings [62213],Division composite,"Index, 2017=100",373,units,0,v1478310707,11.15.1,105.0,,,,1
2020-01,"Edmonton, Alberta",2016S0503835,School,Division composite,"Index, 2017=100",373,units,0,v1478312533,11.16.1,105.0,,,,1
2020-04,"Calgary, Alberta",2016S0503825,Office building,Division composite,"Index, 2017=100",373,units,0,v1478310516,10.9.1,103.8,,,,1
2020-04,"Calgary, Alberta",2016S0503825,Institutional buildings [62213],Division composite,"Index, 2017=100",373,units,0,v1478310779,10.15.1,103.9,,,,1
2020-04,"Calgary, Alberta",2016S0503825,School,Division composite,"Index, 2017=100",373,units,0,v1478309482,10.16.1,103.9,,,,1
2020-04,"Edmonton, Alberta",2016S0503835,Office building,Division composite,"Index, 2017=100",373,units,0,v1478310321,11.9.1,104.6,,,,1
2020-04,"Edmonton, Alberta",2016S0503835,Institutional buildings [62213],Division composite,"Index, 2017=100",373,units,0,v1478310707,11.15.1,104.5,,,,1
2020-04,"Edmonton, Alberta",2016S0503835,School,Division composite,"Index, 2017=100",373,units,0,v1478312533,11.16.1,104.5,,,,1
2020-07,"Calgary, Alberta",2016S0503825,Office building,Division composite,"Index, 2017=100",373,units,0,v1478310516,10.9.1,103.8,,,,1
2020-07,"Calgary, Alberta",2016S0503825,Institutional buildings [62213],Division composite,"Index, 2017=100",373,units,0,v1478310779,10.15.1,104.0,,,,1
2020-07,"Calgary, Alberta",2016S0503825,School,Division composite,"Index, 2017=100",373,units,0,v1478309482,10.16.1,104.0,,,,1
2020-07,"Edmonton, Alberta",2016S0503835,Office building,Division composite,"Index, 2017=100",373,units,0,v1478310321,11.9.1,104.6,,,,1
2020-07,"Edmonton, Alberta",2016S0503835,Institutional buildings [62213],Division composite,"Index, 2017=100",373,units,0,v1478310707,11.15.1,104.7,,,,1
2020-07,"Edmonton, Alberta",2016S0503835,School,Division composite,"Index, 2017=100",373,units,0,v1478312533,11.16.1,104.7,,,,1
2020-10,"Calgary, Alberta",2016S0503825,Office building,Division composite,"Index, 2017=100",373,units,0,v1478310516,10.9.1,103.6,,,,1
2020-10,"Calgary, Alberta",2016S0503825,Institutional buildings [62213],Division composite,"Index, 2017=100",373,units,0,v1478310779,10.15.1,104.0,,,,1
2020-10,"Calgary, Alberta",2016S0503825,School,Division composite,"Index, 2017=100",373,units,0,v1478309482,10.16.1,104.0,,,,1
2020-10,"Edmonton, Alberta",2016S0503835,Office building,Division composite,"Index, 2017=100",373,units,0,v1478310321,11.9.1,104.3,,,,1
2020-10,"Edmonton, Alberta",2016S0503835,Institutional buildings [62213],Division composite,"Index, 2017=100",373,units,0,v1478310707,11.15.1,104.6,,,,1
2020-10,"Edmonton, Alberta",2016S0503835,School,Division composite,"Index, 2017=100",373,units,0,v1478312533,11.16.1,104.6,,,,1
2021-01,"Calgary, Alberta",2016S0503825,Office building,Division composite,"Index, 2017=100",373,units,0,v1478310516,10.9.1,103.6,,,,1
2021-01,"Calgary, Alberta",2016S0503825,Institutional buildings [62213],Division composite,"Index, 2017=100",373,units,0,v1478310779,10.15.1,104.3,,,,1
2021-01,"Calgary, Alberta",2016S0503825,School,Division composite,"Index, 2017=100",373,units,0,v1478309482,10.16.1,104.3,,,,1
2021-01,"Edmonton, Alberta",2016S0503835,Office building,Division composite,"Index, 2017=100",373,units,0,v1478310321,11.9.1,104.9,,,,1
2021-01,"Edmonton, Alberta",2016S0503835,Institutional buildings [62213],Division composite,"Index, 2017=100",373,units,0,v1478310707,11.15.1,105.4,,,,1
2021-01,"Edmonton, Alberta",2016S0503835,School,Division composite,"Index, 2017=100",373,units,0,v1478312533,11.16.1,105.4,,,,1
2021-04,"Calgary, Alberta",2016S0503825,Office building,Division composite,"Index, 2017=100",373,units,0,v1478310516,10.9.1,106.1,,,,1
2021-04,"Calgary, Alberta",2016S0503825,Institutional buildings [62213],Division composite,"Index, 2017=100",373,units,0,v1478310779,10.15.1,106.6,,,,1
2021-04,"Calgary, Alberta",2016S0503825,School,Division composite,"Index, 2017=100",373,units,0,v1478309482,10.16.1,106.6,,,,1
2021-04,"Edmonton, Alberta",2016S0503835,Office building,Division composite,"Index, 2017=100",373,units,0,v1478310321,11.9.1,109.0,,,,1
2021-04,"Edmonton, Alberta",2016S0503835,Institutional buildings [62213],Division composite,"Index, 2017=100",373,units,0,v1478310707,11.15.1,109.1,,,,1
2021-04,"Edmonton, Alberta",2016S0503835,School,Division composite,"Index, 2017=100",373,units,0,v1478312533,11.16.1,109.1,,,,1
2021-07,"Calgary, Alberta",2016S0503825,Office building,Division composite,"Index, 2017=100",373,units,0,v1478310516,10.9.1,107.7,,,,1
2021-07,"Calgary, Alberta",2016S0503825,Institutional buildings [62213],Division composite,"Index, 2017=100",373,units,0,v1478310779,10.15.1,108.4,,,,1
2021-07,"Calgary, Alberta",2016S0503825,School,Division composite,"Index, 2017=100",373,units,0,v1478309482,10.16.1,108.4,,,,1
2021-07,"Edmonton, Alberta",2016S0503835,Office building,Division composite,"Index, 2017=100",373,units,0,v1478310321,11.9.1,112.1,,,,1
2021-07,"Edmonton, Alberta",2016S0503835,Institutional buildings [62213],Division composite,"Index, 2017=100",373,units,0,v1478310707,11.15.1,112.0,,,,1
2021-07,"Edmonton, Alberta",2016S0503835,School,Division composite,"Index, 2017=100",373,units,0,v1478312533,11.16.1,112.0,,,,1
2021-10,"Calgary, Alberta",2016S0503825,Office building,Division composite,"Index, 2017=100",373,units,0,v1478310516,10.9.1,109.8,,,,1
2021-10,"Calgary, Alberta",2016S0503825,Institutional buildings [62213],Division composite,"Index, 2017=100",373,units,0,v1478310779,10.15.1,110.4,,,,1
2021-10,"Calgary, Alberta",2016S0503825,School,Division composite,"Index, 2017=100",373,units,0,v1478309482,10.16.1,110.4,,,,1
2021-10,"Edmonton, Alberta",2016S0503835,Office building,Division composite,"Index, 2017=100",373,units,0,v1478310321,11.9.1,114.6,,,,1
2021-10,"Edmonton, Alberta",2016S0503835,Institutional buildings [62213],Division composite,"Index, 2017=100",373,units,0,v1478310707,11.15.1,114.6,,,,1
2021-10,"Edmonton, Alberta",2016S0503835,School,Division composite,"Index, 2017=100",373,units,0,v1478312533,11.16.1,114.6,,,,1
2022-01,"Calgary, Alberta",2016S0503825,Office building,Division composite,"Index, 2017=100",373,units,0,v1478310516,10.9.1,112.7,,,,1
2022-01,"Calgary, Alberta",2016S0503825,Institutional buildings [62213],Division composite,"Index, 2017=100",373,units,0,v1478310779,10.15.1,113.2,,,,1
2022-01,"Calgary, Alberta",2016S0503825,School,Division composite,"Index, 2017=100",373,units,0,v1478309482,10.16.1,113.2,,,,1
2022-01,"Edmonton, Alberta",2016S0503835,Office building,Division composite,"Index, 2017=100",373,units,0,v1478310321,11.9.1,117.1,,,,1
2022-01,"Edmonton, Alberta",2016S0503835,Institutional buildings [62213],Division composite,"Index, 2017=100",373,units,0,v1478310707,11.15.1,117.3,,,,1
2022-01,"Edmonton, Alberta",2016S0503835,School,Division composite,"Index, 2017=100",373,units,0,v1478312533,11.16.1,117.3,,,,1
2022-04,"Calgary, Alberta",2016S0503825,Office building,Division composite,"Index, 2017=100",373,units,0,v1478310516,10.9.1,114.7,,,,1
2022-04,"Calgary, Alberta",2016S0503825,Institutional buildings [62213],Division composite,"Index, 2017=100",373,units,0,v1478310779,10.15.1,115.4,,,,1
2022-04,"Calgary, Alberta",2016S0503825,School,Division composite,"Index, 2017=100",373,units,0,v1478309482,10.16.1,115.4,,,,1
2022-04,"Edmonton, Alberta",2016S0503835,Office building,Division composite,"Index, 2017=100",373,units,0,v1478310321,11.9.1,120.8,,,,1
2022-04,"Edmonton, Alberta",2016S0503835,Institutional buildings [62213],Division composite,"Index, 2017=100",373,units,0,v1478310707,11.15.1,121.0,,,,1
2022-04,"Edmonton, Alberta",2016S0503835,School,Division composite,"Index, 2017=100",373,units,0,v1478312533,11.16.1,121.0,,,,1
2022-07,"Calgary, Alberta",2016S0503825,Office building,Division composite,"Index, 2017=100",373,units,0,v1478310516,10.9.1,117.0,,,,1
2022-07,"Calgary, Alberta",2016S0503825,Institutional buildings [62213],Division composite,"Index, 2017=100",373,units,0,v1478310779,10.15.1,116.8,,,,1
2022-07,"Calgary, Alberta",2016S0503825,School,Division composite,"Index, 2017=100",373,units,0,v1478309482,10.16.1,116.8,,,,1
2022-07,"Edmonton, Alberta",2016S0503835,Office building,Division composite,"Index, 2017=100",373,units,0,v1478310321,11.9.1,123.1,,,,1
2022-07,"Edmonton, Alberta",2016S0503835,Institutional buildings [62213],Division composite,"Index, 2017=100",373,units,0,v1478310707,11.15.1,122.9,,,,1
2022-07,"Edmonton, Alberta",2016S0503835,School,Division composite,"Index, 2017=100",373,units,0,v1478312533,11.16.1,122.9,,,,1
2022-10,"Calgary, Alberta",2016S0503825,Office building,Division composite,"Index, 2017=100",373,units,0,v1478310516,10.9.1,117.6,,,,1
2022-10,"Calgary, Alberta",2016S0503825,Institutional buildings [62213],Division composite,"Index, 2017=100",373,units,0,v1478310779,10.15.1,117.5,,,,1
2022-10,"Calgary, Alberta",2016S0503825,School,Division composite,"Index, 2017=100",373,units,0,v1478309482,10.16.1,117.5,,,,1
2022-10,"Edmonton, Alberta",2016S0503835,Office building,Division composite,"Index, 2017=100",373,units,0,v1478310321,11.9.1,124.5,,,,1
2022-10,"Edmonton, Alberta",2016S0503835,Institutional buildings [62213],Division composite,"Index, 2017=100",373,units,0,v1478310707,11.15.1,123.8,,,,1
2022-10,"Edmonton, Alberta",2016S0503835,School,Division composite,"Index, 2017=100",373,units,0,v1478312533,11.16.1,123.8,,,,1
2023-01,"Calgary, Alberta",2016S0503825,Office building,Division composite,"Index, 2017=100",373,units,0,v1478310516,10.9.1,119.0,,,,1
2023-01,"Calgary, Alberta",2016S0503825,Institutional buildings [62213],Division composite,"Index, 2017=100",373,units,0,v1478310779,10.15.1,118.6,,,,1
2023-01,"Calgary, Alberta",2016S0503825,School,Division composite,"Index, 2017=100",373,units,0,v1478309482,10.16.1,118.6,,,,1
2023-01,"Edmonton, Alberta",2016S0503835,Office building,Division composite,"Index, 2017=100",373,units,0,v1478310321,11.9.1,125.8,,,,1
2023-01,"Edmonton, Alberta",2016S0503835,Institutional buildings [62213],Division composite,"Index, 2017=100",373,units,0,v1478310707,11.15.1,125.0,,,,1
2023-01,"Edmonton, Alberta",2016S0503835,School,Division composite,"Index, 2017=100",373,units,0,v1478312533,11.16.1,125.0,,,,1
2023-04,"Calgary, Alberta",2016S0503825,Office building,Division composite,"Index, 2017=100",373,units,0,v1478310516,10.9.1,120.7,,,,1
2023-04,"Calgary, Alberta",2016S0503825,Institutional buildings [62213],Division composite,"Index, 2017=100",373,units,0,v1478310779,10.15.1,119.9,,,,1
2023-04,"Calgary, Alberta",2016S0503825,School,Division composite,"Index, 2017=100",373,units,0,v1478309482,10.16.1,119.9,,,,1
2023-04,"Edmonton, Alberta",2016S0503835,Office building,Division composite,"Index, 2017=100",373,units,0,v1478310321,11.9.1,127.0,,,,1
2023-04,"Edmonton, Alberta",2016S0503835,Institutional buildings [62213],Division composite,"Index, 2017=100",373,units,0,v1478310707,11.15.1,125.5,,,,1
2023-04,"Edmonton, Alberta",2016S0503835,School,Division composite,"Index, 2017=100",373,units,0,v1478312533,11.16.1,125.5,,,,1
2023-07,"Calgary, Alberta",2016S0503825,Office building,Division composite,"Index, 2017=100",373,units,0,v1478310516,10.9.1,121.9,,,,1
2023-07,"Calgary, Alberta",2016S0503825,Institutional buildings [62213],Division composite,"Index, 2017=100",373,units,0,v1478310779,10.15.1,120.8,,,,1
2023-07,"Calgary, Alberta",2016S0503825,School,Division composite,"Index, 2017=100",373,units,0,v1478309482,10.16.1,120.8,,,,1
2023-07,"Edmonton, Alberta",2016S0503835,Office building,Division composite,"Index, 2017=100",373,units,0,v1478310321,11.9.1,128.4,,,,1
2023-07,"Edmonton, Alberta",2016S0503835,Institutional buildings [62213],Division composite,"Index, 2017=100",373,units,0,v1478310707,11.15.1,126.8,,,,1
2023-07,"Edmonton, Alberta",2016S0503835,School,Division composite,"Index, 2017=100",373,units,0,v1478312533,11.16.1,126.8,,,,1
2023-10,"Calgary, Alberta",2016S0503825,Office building,Division composite,"Index, 2017=100",373,units,0,v1478310516,10.9.1,122.7,,,,1
2023-10,"Calgary, Alberta",2016S0503825,Institutional buildings [62213],Division composite,"Index, 2017=100",373,units,0,v1478310779,10.15.1,121.4,,,,1
2023-10,"Calgary, Alberta",2016S0503825,School,Division composite,"Index, 2017=100",373,units,0,v1478309482,10.16.1,121.4,,,,1
2023-10,"Edmonton, Alberta",2016S0503835,Office building,Division composite,"Index, 2017=100",373,units,0,v1478310321,11.9.1,129.4,,,,1
2023-10,"Edmonton, Alberta",2016S0503835,Institutional buildings [62213],Division composite,"Index, 2017=100",373,units,0,v1478310707,11.15.1,127.6,,,,1
2023-10,"Edmonton, Alberta",2016S0503835,School,Division composite,"Index, 2017=100",373,units,0,v1478312533,11.16.1,127.6,,,,1
2024-01,"Calgary, Alberta",2016S0503825,Office building,Division composite,"Index, 2017=100",373,units,0,v1478310516,10.9.1,124.6,,,,1
2024-01,"Calgary, Alberta",2016S0503825,Institutional buildings [62213],Division composite,"Index, 2017=100",373,units,0,v1478310779,10.15.1,123.7,,,,1
2024-01,"Calgary, Alberta",2016S0503825,School,Division composite,"Index, 2017=100",373,units,0,v1478309482,10.16.1,123.7,,,,1
2024-01,"Edmonton, Alberta",2016S0503835,Office building,Division composite,"Index, 2017=100",373,units,0,v1478310321,11.9.1,132.4,,,,1
2024-01,"Edmonton, Alberta",2016S0503835,Institutional buildings [62213],Division composite,"Index, 2017=100",373,units,0,v1478310707,11.15.1,130.6,,,,1
2024-01,"Edmonton, Alberta",2016S0503835,School,Division composite,"Index, 2017=100",373,units,0,v1478312533,11.16.1,130.6,,,,1
2024-04,"Calgary, Alberta",2016S0503825,Office building,Division composite,"Index, 2017=100",373,units,0,v1478310516,10.9.1,126.4,,,,1
2024-04,"Calgary, Alberta",2016S0503825,Institutional buildings [62213],Division composite,"Index, 2017=100",373,units,0,v1478310779,10.15.1,125.2,,,,1
2024-04,"Calgary, Alberta",2016S0503825,School,Division composite,"Index, 2017=100",373,units,0,v1478309482,10.16.1,125.2,,,,1
2024-04,"Edmonton, Alberta",2016S0503835,Office building,Division composite,"Index, 2017=100",373,units,0,v1478310321,11.9.1,133.8,,,,1
2024-04,"Edmonton, Alberta",2016S0503835,Institutional buildings [62213],Division composite,"Index, 2017=100",373,units,0,v1478310707,11.15.1,131.9,,,,1
2024-04,"Edmonton, Alberta",2016S0503835,School,Division composite,"Index, 2017=100",373,units,0,v1478312533,11.16.1,131.9,,,,1
