observation_id,geography_id,geography_label,statcan_dguid,reference_year,release_measure_status,value_millions_cad,value_cad,unit,naics_code,naics_label,expenditure_category,statcan_quality_symbol,quality_flag,source_id,source_evidence_status,classification_evidence_status,treatment_role,ai_construction_treatment_authorized
CAPEX51_CA_2006_CAPITAL_CONSTRUCTION,CA,Canada,2021A000011124,2006,actual_or_revised,2033.3,2033300000,current Canadian dollars,51,Information and cultural industries [51],"Capital, construction",,not_flagged,STATCAN_CAPEX_INDUSTRY_GEOGRAPHY_34100035,observed,inferred,research_only_broad_sector_capex_proxy,false
CAPEX51_CA_2007_CAPITAL_CONSTRUCTION,CA,Canada,2021A000011124,2007,actual_or_revised,2039.9,2039900000,current Canadian dollars,51,Information and cultural industries [51],"Capital, construction",,not_flagged,STATCAN_CAPEX_INDUSTRY_GEOGRAPHY_34100035,observed,inferred,research_only_broad_sector_capex_proxy,false
CAPEX51_CA_2008_CAPITAL_CONSTRUCTION,CA,Canada,2021A000011124,2008,actual_or_revised,2149.0,2149000000,current Canadian dollars,51,Information and cultural industries [51],"Capital, construction",,not_flagged,STATCAN_CAPEX_INDUSTRY_GEOGRAPHY_34100035,observed,inferred,research_only_broad_sector_capex_proxy,false
CAPEX51_CA_2009_CAPITAL_CONSTRUCTION,CA,Canada,2021A000011124,2009,actual_or_revised,1864.1,1864100000,current Canadian dollars,51,Information and cultural industries [51],"Capital, construction",,not_flagged,STATCAN_CAPEX_INDUSTRY_GEOGRAPHY_34100035,observed,inferred,research_only_broad_sector_capex_proxy,false
CAPEX51_CA_2010_CAPITAL_CONSTRUCTION,CA,Canada,2021A000011124,2010,actual_or_revised,3505.4,3505400000,current Canadian dollars,51,Information and cultural industries [51],"Capital, construction",,not_flagged,STATCAN_CAPEX_INDUSTRY_GEOGRAPHY_34100035,observed,inferred,research_only_broad_sector_capex_proxy,false
CAPEX51_CA_2011_CAPITAL_CONSTRUCTION,CA,Canada,2021A000011124,2011,actual_or_revised,3414.5,3414500000,current Canadian dollars,51,Information and cultural industries [51],"Capital, construction",,not_flagged,STATCAN_CAPEX_INDUSTRY_GEOGRAPHY_34100035,observed,inferred,research_only_broad_sector_capex_proxy,false
CAPEX51_CA_2012_CAPITAL_CONSTRUCTION,CA,Canada,2021A000011124,2012,actual_or_revised,3062.5,3062500000,current Canadian dollars,51,Information and cultural industries [51],"Capital, construction",,not_flagged,STATCAN_CAPEX_INDUSTRY_GEOGRAPHY_34100035,observed,inferred,research_only_broad_sector_capex_proxy,false
CAPEX51_CA_2013_CAPITAL_CONSTRUCTION,CA,Canada,2021A000011124,2013,actual_or_revised,2793.9,2793900000,current Canadian dollars,51,Information and cultural industries [51],"Capital, construction",C,good,STATCAN_CAPEX_INDUSTRY_GEOGRAPHY_34100035,observed,inferred,research_only_broad_sector_capex_proxy,false
CAPEX51_CA_2014_CAPITAL_CONSTRUCTION,CA,Canada,2021A000011124,2014,actual_or_revised,5620.6,5620600000,current Canadian dollars,51,Information and cultural industries [51],"Capital, construction",A,excellent,STATCAN_CAPEX_INDUSTRY_GEOGRAPHY_34100035,observed,inferred,research_only_broad_sector_capex_proxy,false
CAPEX51_CA_2015_CAPITAL_CONSTRUCTION,CA,Canada,2021A000011124,2015,actual_or_revised,6053.0,6053000000,current Canadian dollars,51,Information and cultural industries [51],"Capital, construction",A,excellent,STATCAN_CAPEX_INDUSTRY_GEOGRAPHY_34100035,observed,inferred,research_only_broad_sector_capex_proxy,false
CAPEX51_CA_2016_CAPITAL_CONSTRUCTION,CA,Canada,2021A000011124,2016,actual_or_revised,6203.5,6203500000,current Canadian dollars,51,Information and cultural industries [51],"Capital, construction",B,very_good,STATCAN_CAPEX_INDUSTRY_GEOGRAPHY_34100035,observed,inferred,research_only_broad_sector_capex_proxy,false
CAPEX51_CA_2017_CAPITAL_CONSTRUCTION,CA,Canada,2021A000011124,2017,actual_or_revised,6316.7,6316700000,current Canadian dollars,51,Information and cultural industries [51],"Capital, construction",A,excellent,STATCAN_CAPEX_INDUSTRY_GEOGRAPHY_34100035,observed,inferred,research_only_broad_sector_capex_proxy,false
CAPEX51_CA_2018_CAPITAL_CONSTRUCTION,CA,Canada,2021A000011124,2018,actual_or_revised,6569.8,6569800000,current Canadian dollars,51,Information and cultural industries [51],"Capital, construction",A,excellent,STATCAN_CAPEX_INDUSTRY_GEOGRAPHY_34100035,observed,inferred,research_only_broad_sector_capex_proxy,false
CAPEX51_CA_2019_CAPITAL_CONSTRUCTION,CA,Canada,2021A000011124,2019,actual_or_revised,6595.4,6595400000,current Canadian dollars,51,Information and cultural industries [51],"Capital, construction",A,excellent,STATCAN_CAPEX_INDUSTRY_GEOGRAPHY_34100035,observed,inferred,research_only_broad_sector_capex_proxy,false
CAPEX51_CA_2020_CAPITAL_CONSTRUCTION,CA,Canada,2021A000011124,2020,actual_or_revised,7392.3,7392300000,current Canadian dollars,51,Information and cultural industries [51],"Capital, construction",A,excellent,STATCAN_CAPEX_INDUSTRY_GEOGRAPHY_34100035,observed,inferred,research_only_broad_sector_capex_proxy,false
CAPEX51_CA_2021_CAPITAL_CONSTRUCTION,CA,Canada,2021A000011124,2021,actual_or_revised,7759.3,7759300000,current Canadian dollars,51,Information and cultural industries [51],"Capital, construction",A,excellent,STATCAN_CAPEX_INDUSTRY_GEOGRAPHY_34100035,observed,inferred,research_only_broad_sector_capex_proxy,false
CAPEX51_CA_2022_CAPITAL_CONSTRUCTION,CA,Canada,2021A000011124,2022,actual_or_revised,8412.9,8412900000,current Canadian dollars,51,Information and cultural industries [51],"Capital, construction",B,very_good,STATCAN_CAPEX_INDUSTRY_GEOGRAPHY_34100035,observed,inferred,research_only_broad_sector_capex_proxy,false
CAPEX51_CA_2023_CAPITAL_CONSTRUCTION,CA,Canada,2021A000011124,2023,actual_or_revised,9114.0,9114000000,current Canadian dollars,51,Information and cultural industries [51],"Capital, construction",B,very_good,STATCAN_CAPEX_INDUSTRY_GEOGRAPHY_34100035,observed,inferred,research_only_broad_sector_capex_proxy,false
CAPEX51_CA_2024_CAPITAL_CONSTRUCTION,CA,Canada,2021A000011124,2024,actual_or_revised,8598.6,8598600000,current Canadian dollars,51,Information and cultural industries [51],"Capital, construction",B,very_good,STATCAN_CAPEX_INDUSTRY_GEOGRAPHY_34100035,observed,inferred,research_only_broad_sector_capex_proxy,false
CAPEX51_CA_2025_CAPITAL_CONSTRUCTION,CA,Canada,2021A000011124,2025,preliminary_actual,9425.9,9425900000,current Canadian dollars,51,Information and cultural industries [51],"Capital, construction",A,excellent,STATCAN_CAPEX_INDUSTRY_GEOGRAPHY_34100035,observed,inferred,research_only_broad_sector_capex_proxy,false
CAPEX51_CA_2026_CAPITAL_CONSTRUCTION,CA,Canada,2021A000011124,2026,intentions,9118.6,9118600000,current Canadian dollars,51,Information and cultural industries [51],"Capital, construction",E,use_with_caution,STATCAN_CAPEX_INDUSTRY_GEOGRAPHY_34100035,observed,inferred,research_only_broad_sector_capex_proxy,false
CAPEX51_PR_10_2006_CAPITAL_CONSTRUCTION,PR_10,Newfoundland and Labrador,2021A000210,2006,actual_or_revised,35.2,35200000,current Canadian dollars,51,Information and cultural industries [51],"Capital, construction",,not_flagged,STATCAN_CAPEX_INDUSTRY_GEOGRAPHY_34100035,observed,inferred,research_only_broad_sector_capex_proxy,false
CAPEX51_PR_10_2007_CAPITAL_CONSTRUCTION,PR_10,Newfoundland and Labrador,2021A000210,2007,actual_or_revised,12.9,12900000,current Canadian dollars,51,Information and cultural industries [51],"Capital, construction",,not_flagged,STATCAN_CAPEX_INDUSTRY_GEOGRAPHY_34100035,observed,inferred,research_only_broad_sector_capex_proxy,false
CAPEX51_PR_10_2008_CAPITAL_CONSTRUCTION,PR_10,Newfoundland and Labrador,2021A000210,2008,actual_or_revised,40.5,40500000,current Canadian dollars,51,Information and cultural industries [51],"Capital, construction",,not_flagged,STATCAN_CAPEX_INDUSTRY_GEOGRAPHY_34100035,observed,inferred,research_only_broad_sector_capex_proxy,false
CAPEX51_PR_10_2009_CAPITAL_CONSTRUCTION,PR_10,Newfoundland and Labrador,2021A000210,2009,actual_or_revised,,,current Canadian dollars,51,Information and cultural industries [51],"Capital, construction",x,suppressed_confidentiality,STATCAN_CAPEX_INDUSTRY_GEOGRAPHY_34100035,publisher_withheld_or_unavailable,inferred,research_only_broad_sector_capex_proxy,false
CAPEX51_PR_10_2010_CAPITAL_CONSTRUCTION,PR_10,Newfoundland and Labrador,2021A000210,2010,actual_or_revised,,,current Canadian dollars,51,Information and cultural industries [51],"Capital, construction",x,suppressed_confidentiality,STATCAN_CAPEX_INDUSTRY_GEOGRAPHY_34100035,publisher_withheld_or_unavailable,inferred,research_only_broad_sector_capex_proxy,false
CAPEX51_PR_10_2011_CAPITAL_CONSTRUCTION,PR_10,Newfoundland and Labrador,2021A000210,2011,actual_or_revised,30.6,30600000,current Canadian dollars,51,Information and cultural industries [51],"Capital, construction",,not_flagged,STATCAN_CAPEX_INDUSTRY_GEOGRAPHY_34100035,observed,inferred,research_only_broad_sector_capex_proxy,false
CAPEX51_PR_10_2012_CAPITAL_CONSTRUCTION,PR_10,Newfoundland and Labrador,2021A000210,2012,actual_or_revised,,,current Canadian dollars,51,Information and cultural industries [51],"Capital, construction",x,suppressed_confidentiality,STATCAN_CAPEX_INDUSTRY_GEOGRAPHY_34100035,publisher_withheld_or_unavailable,inferred,research_only_broad_sector_capex_proxy,false
CAPEX51_PR_10_2013_CAPITAL_CONSTRUCTION,PR_10,Newfoundland and Labrador,2021A000210,2013,actual_or_revised,48.7,48700000,current Canadian dollars,51,Information and cultural industries [51],"Capital, construction",A,excellent,STATCAN_CAPEX_INDUSTRY_GEOGRAPHY_34100035,observed,inferred,research_only_broad_sector_capex_proxy,false
CAPEX51_PR_10_2014_CAPITAL_CONSTRUCTION,PR_10,Newfoundland and Labrador,2021A000210,2014,actual_or_revised,47.1,47100000,current Canadian dollars,51,Information and cultural industries [51],"Capital, construction",A,excellent,STATCAN_CAPEX_INDUSTRY_GEOGRAPHY_34100035,observed,inferred,research_only_broad_sector_capex_proxy,false
CAPEX51_PR_10_2015_CAPITAL_CONSTRUCTION,PR_10,Newfoundland and Labrador,2021A000210,2015,actual_or_revised,,,current Canadian dollars,51,Information and cultural industries [51],"Capital, construction",x,suppressed_confidentiality,STATCAN_CAPEX_INDUSTRY_GEOGRAPHY_34100035,publisher_withheld_or_unavailable,inferred,research_only_broad_sector_capex_proxy,false
CAPEX51_PR_10_2016_CAPITAL_CONSTRUCTION,PR_10,Newfoundland and Labrador,2021A000210,2016,actual_or_revised,,,current Canadian dollars,51,Information and cultural industries [51],"Capital, construction",x,suppressed_confidentiality,STATCAN_CAPEX_INDUSTRY_GEOGRAPHY_34100035,publisher_withheld_or_unavailable,inferred,research_only_broad_sector_capex_proxy,false
CAPEX51_PR_10_2017_CAPITAL_CONSTRUCTION,PR_10,Newfoundland and Labrador,2021A000210,2017,actual_or_revised,,,current Canadian dollars,51,Information and cultural industries [51],"Capital, construction",x,suppressed_confidentiality,STATCAN_CAPEX_INDUSTRY_GEOGRAPHY_34100035,publisher_withheld_or_unavailable,inferred,research_only_broad_sector_capex_proxy,false
CAPEX51_PR_10_2018_CAPITAL_CONSTRUCTION,PR_10,Newfoundland and Labrador,2021A000210,2018,actual_or_revised,,,current Canadian dollars,51,Information and cultural industries [51],"Capital, construction",x,suppressed_confidentiality,STATCAN_CAPEX_INDUSTRY_GEOGRAPHY_34100035,publisher_withheld_or_unavailable,inferred,research_only_broad_sector_capex_proxy,false
CAPEX51_PR_10_2019_CAPITAL_CONSTRUCTION,PR_10,Newfoundland and Labrador,2021A000210,2019,actual_or_revised,,,current Canadian dollars,51,Information and cultural industries [51],"Capital, construction",x,suppressed_confidentiality,STATCAN_CAPEX_INDUSTRY_GEOGRAPHY_34100035,publisher_withheld_or_unavailable,inferred,research_only_broad_sector_capex_proxy,false
CAPEX51_PR_10_2020_CAPITAL_CONSTRUCTION,PR_10,Newfoundland and Labrador,2021A000210,2020,actual_or_revised,,,current Canadian dollars,51,Information and cultural industries [51],"Capital, construction",x,suppressed_confidentiality,STATCAN_CAPEX_INDUSTRY_GEOGRAPHY_34100035,publisher_withheld_or_unavailable,inferred,research_only_broad_sector_capex_proxy,false
CAPEX51_PR_10_2021_CAPITAL_CONSTRUCTION,PR_10,Newfoundland and Labrador,2021A000210,2021,actual_or_revised,,,current Canadian dollars,51,Information and cultural industries [51],"Capital, construction",x,suppressed_confidentiality,STATCAN_CAPEX_INDUSTRY_GEOGRAPHY_34100035,publisher_withheld_or_unavailable,inferred,research_only_broad_sector_capex_proxy,false
CAPEX51_PR_10_2022_CAPITAL_CONSTRUCTION,PR_10,Newfoundland and Labrador,2021A000210,2022,actual_or_revised,120.6,120600000,current Canadian dollars,51,Information and cultural industries [51],"Capital, construction",B,very_good,STATCAN_CAPEX_INDUSTRY_GEOGRAPHY_34100035,observed,inferred,research_only_broad_sector_capex_proxy,false
CAPEX51_PR_10_2023_CAPITAL_CONSTRUCTION,PR_10,Newfoundland and Labrador,2021A000210,2023,actual_or_revised,,,current Canadian dollars,51,Information and cultural industries [51],"Capital, construction",x,suppressed_confidentiality,STATCAN_CAPEX_INDUSTRY_GEOGRAPHY_34100035,publisher_withheld_or_unavailable,inferred,research_only_broad_sector_capex_proxy,false
CAPEX51_PR_10_2024_CAPITAL_CONSTRUCTION,PR_10,Newfoundland and Labrador,2021A000210,2024,actual_or_revised,,,current Canadian dollars,51,Information and cultural industries [51],"Capital, construction",x,suppressed_confidentiality,STATCAN_CAPEX_INDUSTRY_GEOGRAPHY_34100035,publisher_withheld_or_unavailable,inferred,research_only_broad_sector_capex_proxy,false
CAPEX51_PR_10_2025_CAPITAL_CONSTRUCTION,PR_10,Newfoundland and Labrador,2021A000210,2025,preliminary_actual,99.2,99200000,current Canadian dollars,51,Information and cultural industries [51],"Capital, construction",A,excellent,STATCAN_CAPEX_INDUSTRY_GEOGRAPHY_34100035,observed,inferred,research_only_broad_sector_capex_proxy,false
CAPEX51_PR_10_2026_CAPITAL_CONSTRUCTION,PR_10,Newfoundland and Labrador,2021A000210,2026,intentions,,,current Canadian dollars,51,Information and cultural industries [51],"Capital, construction",x,suppressed_confidentiality,STATCAN_CAPEX_INDUSTRY_GEOGRAPHY_34100035,publisher_withheld_or_unavailable,inferred,research_only_broad_sector_capex_proxy,false
CAPEX51_PR_11_2006_CAPITAL_CONSTRUCTION,PR_11,Prince Edward Island,2021A000211,2006,actual_or_revised,5.6,5600000,current Canadian dollars,51,Information and cultural industries [51],"Capital, construction",,not_flagged,STATCAN_CAPEX_INDUSTRY_GEOGRAPHY_34100035,observed,inferred,research_only_broad_sector_capex_proxy,false
CAPEX51_PR_11_2007_CAPITAL_CONSTRUCTION,PR_11,Prince Edward Island,2021A000211,2007,actual_or_revised,,,current Canadian dollars,51,Information and cultural industries [51],"Capital, construction",x,suppressed_confidentiality,STATCAN_CAPEX_INDUSTRY_GEOGRAPHY_34100035,publisher_withheld_or_unavailable,inferred,research_only_broad_sector_capex_proxy,false
CAPEX51_PR_11_2008_CAPITAL_CONSTRUCTION,PR_11,Prince Edward Island,2021A000211,2008,actual_or_revised,,,current Canadian dollars,51,Information and cultural industries [51],"Capital, construction",x,suppressed_confidentiality,STATCAN_CAPEX_INDUSTRY_GEOGRAPHY_34100035,publisher_withheld_or_unavailable,inferred,research_only_broad_sector_capex_proxy,false
CAPEX51_PR_11_2009_CAPITAL_CONSTRUCTION,PR_11,Prince Edward Island,2021A000211,2009,actual_or_revised,4.5,4500000,current Canadian dollars,51,Information and cultural industries [51],"Capital, construction",,not_flagged,STATCAN_CAPEX_INDUSTRY_GEOGRAPHY_34100035,observed,inferred,research_only_broad_sector_capex_proxy,false
CAPEX51_PR_11_2010_CAPITAL_CONSTRUCTION,PR_11,Prince Edward Island,2021A000211,2010,actual_or_revised,,,current Canadian dollars,51,Information and cultural industries [51],"Capital, construction",x,suppressed_confidentiality,STATCAN_CAPEX_INDUSTRY_GEOGRAPHY_34100035,publisher_withheld_or_unavailable,inferred,research_only_broad_sector_capex_proxy,false
CAPEX51_PR_11_2011_CAPITAL_CONSTRUCTION,PR_11,Prince Edward Island,2021A000211,2011,actual_or_revised,11.1,11100000,current Canadian dollars,51,Information and cultural industries [51],"Capital, construction",,not_flagged,STATCAN_CAPEX_INDUSTRY_GEOGRAPHY_34100035,observed,inferred,research_only_broad_sector_capex_proxy,false
CAPEX51_PR_11_2012_CAPITAL_CONSTRUCTION,PR_11,Prince Edward Island,2021A000211,2012,actual_or_revised,,,current Canadian dollars,51,Information and cultural industries [51],"Capital, construction",x,suppressed_confidentiality,STATCAN_CAPEX_INDUSTRY_GEOGRAPHY_34100035,publisher_withheld_or_unavailable,inferred,research_only_broad_sector_capex_proxy,false
CAPEX51_PR_11_2013_CAPITAL_CONSTRUCTION,PR_11,Prince Edward Island,2021A000211,2013,actual_or_revised,,,current Canadian dollars,51,Information and cultural industries [51],"Capital, construction",x,suppressed_confidentiality,STATCAN_CAPEX_INDUSTRY_GEOGRAPHY_34100035,publisher_withheld_or_unavailable,inferred,research_only_broad_sector_capex_proxy,false
CAPEX51_PR_11_2014_CAPITAL_CONSTRUCTION,PR_11,Prince Edward Island,2021A000211,2014,actual_or_revised,,,current Canadian dollars,51,Information and cultural industries [51],"Capital, construction",x,suppressed_confidentiality,STATCAN_CAPEX_INDUSTRY_GEOGRAPHY_34100035,publisher_withheld_or_unavailable,inferred,research_only_broad_sector_capex_proxy,false
CAPEX51_PR_11_2015_CAPITAL_CONSTRUCTION,PR_11,Prince Edward Island,2021A000211,2015,actual_or_revised,,,current Canadian dollars,51,Information and cultural industries [51],"Capital, construction",x,suppressed_confidentiality,STATCAN_CAPEX_INDUSTRY_GEOGRAPHY_34100035,publisher_withheld_or_unavailable,inferred,research_only_broad_sector_capex_proxy,false
CAPEX51_PR_11_2016_CAPITAL_CONSTRUCTION,PR_11,Prince Edward Island,2021A000211,2016,actual_or_revised,,,current Canadian dollars,51,Information and cultural industries [51],"Capital, construction",x,suppressed_confidentiality,STATCAN_CAPEX_INDUSTRY_GEOGRAPHY_34100035,publisher_withheld_or_unavailable,inferred,research_only_broad_sector_capex_proxy,false
CAPEX51_PR_11_2017_CAPITAL_CONSTRUCTION,PR_11,Prince Edward Island,2021A000211,2017,actual_or_revised,,,current Canadian dollars,51,Information and cultural industries [51],"Capital, construction",x,suppressed_confidentiality,STATCAN_CAPEX_INDUSTRY_GEOGRAPHY_34100035,publisher_withheld_or_unavailable,inferred,research_only_broad_sector_capex_proxy,false
CAPEX51_PR_11_2018_CAPITAL_CONSTRUCTION,PR_11,Prince Edward Island,2021A000211,2018,actual_or_revised,,,current Canadian dollars,51,Information and cultural industries [51],"Capital, construction",x,suppressed_confidentiality,STATCAN_CAPEX_INDUSTRY_GEOGRAPHY_34100035,publisher_withheld_or_unavailable,inferred,research_only_broad_sector_capex_proxy,false
CAPEX51_PR_11_2019_CAPITAL_CONSTRUCTION,PR_11,Prince Edward Island,2021A000211,2019,actual_or_revised,,,current Canadian dollars,51,Information and cultural industries [51],"Capital, construction",x,suppressed_confidentiality,STATCAN_CAPEX_INDUSTRY_GEOGRAPHY_34100035,publisher_withheld_or_unavailable,inferred,research_only_broad_sector_capex_proxy,false
CAPEX51_PR_11_2020_CAPITAL_CONSTRUCTION,PR_11,Prince Edward Island,2021A000211,2020,actual_or_revised,20.0,20000000,current Canadian dollars,51,Information and cultural industries [51],"Capital, construction",A,excellent,STATCAN_CAPEX_INDUSTRY_GEOGRAPHY_34100035,observed,inferred,research_only_broad_sector_capex_proxy,false
CAPEX51_PR_11_2021_CAPITAL_CONSTRUCTION,PR_11,Prince Edward Island,2021A000211,2021,actual_or_revised,,,current Canadian dollars,51,Information and cultural industries [51],"Capital, construction",x,suppressed_confidentiality,STATCAN_CAPEX_INDUSTRY_GEOGRAPHY_34100035,publisher_withheld_or_unavailable,inferred,research_only_broad_sector_capex_proxy,false
CAPEX51_PR_11_2022_CAPITAL_CONSTRUCTION,PR_11,Prince Edward Island,2021A000211,2022,actual_or_revised,45.1,45100000,current Canadian dollars,51,Information and cultural industries [51],"Capital, construction",A,excellent,STATCAN_CAPEX_INDUSTRY_GEOGRAPHY_34100035,observed,inferred,research_only_broad_sector_capex_proxy,false
CAPEX51_PR_11_2023_CAPITAL_CONSTRUCTION,PR_11,Prince Edward Island,2021A000211,2023,actual_or_revised,,,current Canadian dollars,51,Information and cultural industries [51],"Capital, construction",x,suppressed_confidentiality,STATCAN_CAPEX_INDUSTRY_GEOGRAPHY_34100035,publisher_withheld_or_unavailable,inferred,research_only_broad_sector_capex_proxy,false
CAPEX51_PR_11_2024_CAPITAL_CONSTRUCTION,PR_11,Prince Edward Island,2021A000211,2024,actual_or_revised,,,current Canadian dollars,51,Information and cultural industries [51],"Capital, construction",x,suppressed_confidentiality,STATCAN_CAPEX_INDUSTRY_GEOGRAPHY_34100035,publisher_withheld_or_unavailable,inferred,research_only_broad_sector_capex_proxy,false
CAPEX51_PR_11_2025_CAPITAL_CONSTRUCTION,PR_11,Prince Edward Island,2021A000211,2025,preliminary_actual,,,current Canadian dollars,51,Information and cultural industries [51],"Capital, construction",x,suppressed_confidentiality,STATCAN_CAPEX_INDUSTRY_GEOGRAPHY_34100035,publisher_withheld_or_unavailable,inferred,research_only_broad_sector_capex_proxy,false
CAPEX51_PR_11_2026_CAPITAL_CONSTRUCTION,PR_11,Prince Edward Island,2021A000211,2026,intentions,,,current Canadian dollars,51,Information and cultural industries [51],"Capital, construction",x,suppressed_confidentiality,STATCAN_CAPEX_INDUSTRY_GEOGRAPHY_34100035,publisher_withheld_or_unavailable,inferred,research_only_broad_sector_capex_proxy,false
CAPEX51_PR_12_2006_CAPITAL_CONSTRUCTION,PR_12,Nova Scotia,2021A000212,2006,actual_or_revised,62.7,62700000,current Canadian dollars,51,Information and cultural industries [51],"Capital, construction",,not_flagged,STATCAN_CAPEX_INDUSTRY_GEOGRAPHY_34100035,observed,inferred,research_only_broad_sector_capex_proxy,false
CAPEX51_PR_12_2007_CAPITAL_CONSTRUCTION,PR_12,Nova Scotia,2021A000212,2007,actual_or_revised,52.2,52200000,current Canadian dollars,51,Information and cultural industries [51],"Capital, construction",,not_flagged,STATCAN_CAPEX_INDUSTRY_GEOGRAPHY_34100035,observed,inferred,research_only_broad_sector_capex_proxy,false
CAPEX51_PR_12_2008_CAPITAL_CONSTRUCTION,PR_12,Nova Scotia,2021A000212,2008,actual_or_revised,21.4,21400000,current Canadian dollars,51,Information and cultural industries [51],"Capital, construction",,not_flagged,STATCAN_CAPEX_INDUSTRY_GEOGRAPHY_34100035,observed,inferred,research_only_broad_sector_capex_proxy,false
CAPEX51_PR_12_2009_CAPITAL_CONSTRUCTION,PR_12,Nova Scotia,2021A000212,2009,actual_or_revised,10.9,10900000,current Canadian dollars,51,Information and cultural industries [51],"Capital, construction",,not_flagged,STATCAN_CAPEX_INDUSTRY_GEOGRAPHY_34100035,observed,inferred,research_only_broad_sector_capex_proxy,false
CAPEX51_PR_12_2010_CAPITAL_CONSTRUCTION,PR_12,Nova Scotia,2021A000212,2010,actual_or_revised,89.7,89700000,current Canadian dollars,51,Information and cultural industries [51],"Capital, construction",,not_flagged,STATCAN_CAPEX_INDUSTRY_GEOGRAPHY_34100035,observed,inferred,research_only_broad_sector_capex_proxy,false
CAPEX51_PR_12_2011_CAPITAL_CONSTRUCTION,PR_12,Nova Scotia,2021A000212,2011,actual_or_revised,87.1,87100000,current Canadian dollars,51,Information and cultural industries [51],"Capital, construction",,not_flagged,STATCAN_CAPEX_INDUSTRY_GEOGRAPHY_34100035,observed,inferred,research_only_broad_sector_capex_proxy,false
CAPEX51_PR_12_2012_CAPITAL_CONSTRUCTION,PR_12,Nova Scotia,2021A000212,2012,actual_or_revised,32.6,32600000,current Canadian dollars,51,Information and cultural industries [51],"Capital, construction",,not_flagged,STATCAN_CAPEX_INDUSTRY_GEOGRAPHY_34100035,observed,inferred,research_only_broad_sector_capex_proxy,false
CAPEX51_PR_12_2013_CAPITAL_CONSTRUCTION,PR_12,Nova Scotia,2021A000212,2013,actual_or_revised,77.1,77100000,current Canadian dollars,51,Information and cultural industries [51],"Capital, construction",A,excellent,STATCAN_CAPEX_INDUSTRY_GEOGRAPHY_34100035,observed,inferred,research_only_broad_sector_capex_proxy,false
CAPEX51_PR_12_2014_CAPITAL_CONSTRUCTION,PR_12,Nova Scotia,2021A000212,2014,actual_or_revised,54.0,54000000,current Canadian dollars,51,Information and cultural industries [51],"Capital, construction",A,excellent,STATCAN_CAPEX_INDUSTRY_GEOGRAPHY_34100035,observed,inferred,research_only_broad_sector_capex_proxy,false
CAPEX51_PR_12_2015_CAPITAL_CONSTRUCTION,PR_12,Nova Scotia,2021A000212,2015,actual_or_revised,93.2,93200000,current Canadian dollars,51,Information and cultural industries [51],"Capital, construction",D,acceptable,STATCAN_CAPEX_INDUSTRY_GEOGRAPHY_34100035,observed,inferred,research_only_broad_sector_capex_proxy,false
CAPEX51_PR_12_2016_CAPITAL_CONSTRUCTION,PR_12,Nova Scotia,2021A000212,2016,actual_or_revised,,,current Canadian dollars,51,Information and cultural industries [51],"Capital, construction",x,suppressed_confidentiality,STATCAN_CAPEX_INDUSTRY_GEOGRAPHY_34100035,publisher_withheld_or_unavailable,inferred,research_only_broad_sector_capex_proxy,false
CAPEX51_PR_12_2017_CAPITAL_CONSTRUCTION,PR_12,Nova Scotia,2021A000212,2017,actual_or_revised,,,current Canadian dollars,51,Information and cultural industries [51],"Capital, construction",x,suppressed_confidentiality,STATCAN_CAPEX_INDUSTRY_GEOGRAPHY_34100035,publisher_withheld_or_unavailable,inferred,research_only_broad_sector_capex_proxy,false
CAPEX51_PR_12_2018_CAPITAL_CONSTRUCTION,PR_12,Nova Scotia,2021A000212,2018,actual_or_revised,120.7,120700000,current Canadian dollars,51,Information and cultural industries [51],"Capital, construction",A,excellent,STATCAN_CAPEX_INDUSTRY_GEOGRAPHY_34100035,observed,inferred,research_only_broad_sector_capex_proxy,false
CAPEX51_PR_12_2019_CAPITAL_CONSTRUCTION,PR_12,Nova Scotia,2021A000212,2019,actual_or_revised,97.7,97700000,current Canadian dollars,51,Information and cultural industries [51],"Capital, construction",A,excellent,STATCAN_CAPEX_INDUSTRY_GEOGRAPHY_34100035,observed,inferred,research_only_broad_sector_capex_proxy,false
CAPEX51_PR_12_2020_CAPITAL_CONSTRUCTION,PR_12,Nova Scotia,2021A000212,2020,actual_or_revised,,,current Canadian dollars,51,Information and cultural industries [51],"Capital, construction",x,suppressed_confidentiality,STATCAN_CAPEX_INDUSTRY_GEOGRAPHY_34100035,publisher_withheld_or_unavailable,inferred,research_only_broad_sector_capex_proxy,false
CAPEX51_PR_12_2021_CAPITAL_CONSTRUCTION,PR_12,Nova Scotia,2021A000212,2021,actual_or_revised,,,current Canadian dollars,51,Information and cultural industries [51],"Capital, construction",x,suppressed_confidentiality,STATCAN_CAPEX_INDUSTRY_GEOGRAPHY_34100035,publisher_withheld_or_unavailable,inferred,research_only_broad_sector_capex_proxy,false
CAPEX51_PR_12_2022_CAPITAL_CONSTRUCTION,PR_12,Nova Scotia,2021A000212,2022,actual_or_revised,176.2,176200000,current Canadian dollars,51,Information and cultural industries [51],"Capital, construction",A,excellent,STATCAN_CAPEX_INDUSTRY_GEOGRAPHY_34100035,observed,inferred,research_only_broad_sector_capex_proxy,false
CAPEX51_PR_12_2023_CAPITAL_CONSTRUCTION,PR_12,Nova Scotia,2021A000212,2023,actual_or_revised,,,current Canadian dollars,51,Information and cultural industries [51],"Capital, construction",x,suppressed_confidentiality,STATCAN_CAPEX_INDUSTRY_GEOGRAPHY_34100035,publisher_withheld_or_unavailable,inferred,research_only_broad_sector_capex_proxy,false
CAPEX51_PR_12_2024_CAPITAL_CONSTRUCTION,PR_12,Nova Scotia,2021A000212,2024,actual_or_revised,145.1,145100000,current Canadian dollars,51,Information and cultural industries [51],"Capital, construction",B,very_good,STATCAN_CAPEX_INDUSTRY_GEOGRAPHY_34100035,observed,inferred,research_only_broad_sector_capex_proxy,false
CAPEX51_PR_12_2025_CAPITAL_CONSTRUCTION,PR_12,Nova Scotia,2021A000212,2025,preliminary_actual,139.2,139200000,current Canadian dollars,51,Information and cultural industries [51],"Capital, construction",D,acceptable,STATCAN_CAPEX_INDUSTRY_GEOGRAPHY_34100035,observed,inferred,research_only_broad_sector_capex_proxy,false
CAPEX51_PR_12_2026_CAPITAL_CONSTRUCTION,PR_12,Nova Scotia,2021A000212,2026,intentions,121.9,121900000,current Canadian dollars,51,Information and cultural industries [51],"Capital, construction",E,use_with_caution,STATCAN_CAPEX_INDUSTRY_GEOGRAPHY_34100035,observed,inferred,research_only_broad_sector_capex_proxy,false
CAPEX51_PR_13_2006_CAPITAL_CONSTRUCTION,PR_13,New Brunswick,2021A000213,2006,actual_or_revised,57.9,57900000,current Canadian dollars,51,Information and cultural industries [51],"Capital, construction",,not_flagged,STATCAN_CAPEX_INDUSTRY_GEOGRAPHY_34100035,observed,inferred,research_only_broad_sector_capex_proxy,false
CAPEX51_PR_13_2007_CAPITAL_CONSTRUCTION,PR_13,New Brunswick,2021A000213,2007,actual_or_revised,33.1,33100000,current Canadian dollars,51,Information and cultural industries [51],"Capital, construction",,not_flagged,STATCAN_CAPEX_INDUSTRY_GEOGRAPHY_34100035,observed,inferred,research_only_broad_sector_capex_proxy,false
CAPEX51_PR_13_2008_CAPITAL_CONSTRUCTION,PR_13,New Brunswick,2021A000213,2008,actual_or_revised,32.1,32100000,current Canadian dollars,51,Information and cultural industries [51],"Capital, construction",,not_flagged,STATCAN_CAPEX_INDUSTRY_GEOGRAPHY_34100035,observed,inferred,research_only_broad_sector_capex_proxy,false
CAPEX51_PR_13_2009_CAPITAL_CONSTRUCTION,PR_13,New Brunswick,2021A000213,2009,actual_or_revised,15.8,15800000,current Canadian dollars,51,Information and cultural industries [51],"Capital, construction",,not_flagged,STATCAN_CAPEX_INDUSTRY_GEOGRAPHY_34100035,observed,inferred,research_only_broad_sector_capex_proxy,false
CAPEX51_PR_13_2010_CAPITAL_CONSTRUCTION,PR_13,New Brunswick,2021A000213,2010,actual_or_revised,48.0,48000000,current Canadian dollars,51,Information and cultural industries [51],"Capital, construction",,not_flagged,STATCAN_CAPEX_INDUSTRY_GEOGRAPHY_34100035,observed,inferred,research_only_broad_sector_capex_proxy,false
CAPEX51_PR_13_2011_CAPITAL_CONSTRUCTION,PR_13,New Brunswick,2021A000213,2011,actual_or_revised,62.2,62200000,current Canadian dollars,51,Information and cultural industries [51],"Capital, construction",,not_flagged,STATCAN_CAPEX_INDUSTRY_GEOGRAPHY_34100035,observed,inferred,research_only_broad_sector_capex_proxy,false
CAPEX51_PR_13_2012_CAPITAL_CONSTRUCTION,PR_13,New Brunswick,2021A000213,2012,actual_or_revised,38.3,38300000,current Canadian dollars,51,Information and cultural industries [51],"Capital, construction",,not_flagged,STATCAN_CAPEX_INDUSTRY_GEOGRAPHY_34100035,observed,inferred,research_only_broad_sector_capex_proxy,false
CAPEX51_PR_13_2013_CAPITAL_CONSTRUCTION,PR_13,New Brunswick,2021A000213,2013,actual_or_revised,58.9,58900000,current Canadian dollars,51,Information and cultural industries [51],"Capital, construction",A,excellent,STATCAN_CAPEX_INDUSTRY_GEOGRAPHY_34100035,observed,inferred,research_only_broad_sector_capex_proxy,false
CAPEX51_PR_13_2014_CAPITAL_CONSTRUCTION,PR_13,New Brunswick,2021A000213,2014,actual_or_revised,69.4,69400000,current Canadian dollars,51,Information and cultural industries [51],"Capital, construction",A,excellent,STATCAN_CAPEX_INDUSTRY_GEOGRAPHY_34100035,observed,inferred,research_only_broad_sector_capex_proxy,false
CAPEX51_PR_13_2015_CAPITAL_CONSTRUCTION,PR_13,New Brunswick,2021A000213,2015,actual_or_revised,117.8,117800000,current Canadian dollars,51,Information and cultural industries [51],"Capital, construction",A,excellent,STATCAN_CAPEX_INDUSTRY_GEOGRAPHY_34100035,observed,inferred,research_only_broad_sector_capex_proxy,false
CAPEX51_PR_13_2016_CAPITAL_CONSTRUCTION,PR_13,New Brunswick,2021A000213,2016,actual_or_revised,158.7,158700000,current Canadian dollars,51,Information and cultural industries [51],"Capital, construction",C,good,STATCAN_CAPEX_INDUSTRY_GEOGRAPHY_34100035,observed,inferred,research_only_broad_sector_capex_proxy,false
CAPEX51_PR_13_2017_CAPITAL_CONSTRUCTION,PR_13,New Brunswick,2021A000213,2017,actual_or_revised,152.2,152200000,current Canadian dollars,51,Information and cultural industries [51],"Capital, construction",A,excellent,STATCAN_CAPEX_INDUSTRY_GEOGRAPHY_34100035,observed,inferred,research_only_broad_sector_capex_proxy,false
CAPEX51_PR_13_2018_CAPITAL_CONSTRUCTION,PR_13,New Brunswick,2021A000213,2018,actual_or_revised,156.7,156700000,current Canadian dollars,51,Information and cultural industries [51],"Capital, construction",A,excellent,STATCAN_CAPEX_INDUSTRY_GEOGRAPHY_34100035,observed,inferred,research_only_broad_sector_capex_proxy,false
CAPEX51_PR_13_2019_CAPITAL_CONSTRUCTION,PR_13,New Brunswick,2021A000213,2019,actual_or_revised,135.9,135900000,current Canadian dollars,51,Information and cultural industries [51],"Capital, construction",A,excellent,STATCAN_CAPEX_INDUSTRY_GEOGRAPHY_34100035,observed,inferred,research_only_broad_sector_capex_proxy,false
CAPEX51_PR_13_2020_CAPITAL_CONSTRUCTION,PR_13,New Brunswick,2021A000213,2020,actual_or_revised,200.4,200400000,current Canadian dollars,51,Information and cultural industries [51],"Capital, construction",A,excellent,STATCAN_CAPEX_INDUSTRY_GEOGRAPHY_34100035,observed,inferred,research_only_broad_sector_capex_proxy,false
CAPEX51_PR_13_2021_CAPITAL_CONSTRUCTION,PR_13,New Brunswick,2021A000213,2021,actual_or_revised,285.6,285600000,current Canadian dollars,51,Information and cultural industries [51],"Capital, construction",A,excellent,STATCAN_CAPEX_INDUSTRY_GEOGRAPHY_34100035,observed,inferred,research_only_broad_sector_capex_proxy,false
CAPEX51_PR_13_2022_CAPITAL_CONSTRUCTION,PR_13,New Brunswick,2021A000213,2022,actual_or_revised,294.3,294300000,current Canadian dollars,51,Information and cultural industries [51],"Capital, construction",C,good,STATCAN_CAPEX_INDUSTRY_GEOGRAPHY_34100035,observed,inferred,research_only_broad_sector_capex_proxy,false
CAPEX51_PR_13_2023_CAPITAL_CONSTRUCTION,PR_13,New Brunswick,2021A000213,2023,actual_or_revised,,,current Canadian dollars,51,Information and cultural industries [51],"Capital, construction",x,suppressed_confidentiality,STATCAN_CAPEX_INDUSTRY_GEOGRAPHY_34100035,publisher_withheld_or_unavailable,inferred,research_only_broad_sector_capex_proxy,false
CAPEX51_PR_13_2024_CAPITAL_CONSTRUCTION,PR_13,New Brunswick,2021A000213,2024,actual_or_revised,324.4,324400000,current Canadian dollars,51,Information and cultural industries [51],"Capital, construction",C,good,STATCAN_CAPEX_INDUSTRY_GEOGRAPHY_34100035,observed,inferred,research_only_broad_sector_capex_proxy,false
CAPEX51_PR_13_2025_CAPITAL_CONSTRUCTION,PR_13,New Brunswick,2021A000213,2025,preliminary_actual,314.6,314600000,current Canadian dollars,51,Information and cultural industries [51],"Capital, construction",A,excellent,STATCAN_CAPEX_INDUSTRY_GEOGRAPHY_34100035,observed,inferred,research_only_broad_sector_capex_proxy,false
CAPEX51_PR_13_2026_CAPITAL_CONSTRUCTION,PR_13,New Brunswick,2021A000213,2026,intentions,297.8,297800000,current Canadian dollars,51,Information and cultural industries [51],"Capital, construction",E,use_with_caution,STATCAN_CAPEX_INDUSTRY_GEOGRAPHY_34100035,observed,inferred,research_only_broad_sector_capex_proxy,false
CAPEX51_PR_24_2006_CAPITAL_CONSTRUCTION,PR_24,Quebec,2021A000224,2006,actual_or_revised,310.5,310500000,current Canadian dollars,51,Information and cultural industries [51],"Capital, construction",,not_flagged,STATCAN_CAPEX_INDUSTRY_GEOGRAPHY_34100035,observed,inferred,research_only_broad_sector_capex_proxy,false
CAPEX51_PR_24_2007_CAPITAL_CONSTRUCTION,PR_24,Quebec,2021A000224,2007,actual_or_revised,547.3,547300000,current Canadian dollars,51,Information and cultural industries [51],"Capital, construction",,not_flagged,STATCAN_CAPEX_INDUSTRY_GEOGRAPHY_34100035,observed,inferred,research_only_broad_sector_capex_proxy,false
CAPEX51_PR_24_2008_CAPITAL_CONSTRUCTION,PR_24,Quebec,2021A000224,2008,actual_or_revised,518.8,518800000,current Canadian dollars,51,Information and cultural industries [51],"Capital, construction",,not_flagged,STATCAN_CAPEX_INDUSTRY_GEOGRAPHY_34100035,observed,inferred,research_only_broad_sector_capex_proxy,false
CAPEX51_PR_24_2009_CAPITAL_CONSTRUCTION,PR_24,Quebec,2021A000224,2009,actual_or_revised,430.8,430800000,current Canadian dollars,51,Information and cultural industries [51],"Capital, construction",,not_flagged,STATCAN_CAPEX_INDUSTRY_GEOGRAPHY_34100035,observed,inferred,research_only_broad_sector_capex_proxy,false
CAPEX51_PR_24_2010_CAPITAL_CONSTRUCTION,PR_24,Quebec,2021A000224,2010,actual_or_revised,690.0,690000000,current Canadian dollars,51,Information and cultural industries [51],"Capital, construction",,not_flagged,STATCAN_CAPEX_INDUSTRY_GEOGRAPHY_34100035,observed,inferred,research_only_broad_sector_capex_proxy,false
CAPEX51_PR_24_2011_CAPITAL_CONSTRUCTION,PR_24,Quebec,2021A000224,2011,actual_or_revised,558.4,558400000,current Canadian dollars,51,Information and cultural industries [51],"Capital, construction",,not_flagged,STATCAN_CAPEX_INDUSTRY_GEOGRAPHY_34100035,observed,inferred,research_only_broad_sector_capex_proxy,false
CAPEX51_PR_24_2012_CAPITAL_CONSTRUCTION,PR_24,Quebec,2021A000224,2012,actual_or_revised,468.9,468900000,current Canadian dollars,51,Information and cultural industries [51],"Capital, construction",,not_flagged,STATCAN_CAPEX_INDUSTRY_GEOGRAPHY_34100035,observed,inferred,research_only_broad_sector_capex_proxy,false
CAPEX51_PR_24_2013_CAPITAL_CONSTRUCTION,PR_24,Quebec,2021A000224,2013,actual_or_revised,744.5,744500000,current Canadian dollars,51,Information and cultural industries [51],"Capital, construction",C,good,STATCAN_CAPEX_INDUSTRY_GEOGRAPHY_34100035,observed,inferred,research_only_broad_sector_capex_proxy,false
CAPEX51_PR_24_2014_CAPITAL_CONSTRUCTION,PR_24,Quebec,2021A000224,2014,actual_or_revised,1654.2,1654200000,current Canadian dollars,51,Information and cultural industries [51],"Capital, construction",A,excellent,STATCAN_CAPEX_INDUSTRY_GEOGRAPHY_34100035,observed,inferred,research_only_broad_sector_capex_proxy,false
CAPEX51_PR_24_2015_CAPITAL_CONSTRUCTION,PR_24,Quebec,2021A000224,2015,actual_or_revised,1660.3,1660300000,current Canadian dollars,51,Information and cultural industries [51],"Capital, construction",B,very_good,STATCAN_CAPEX_INDUSTRY_GEOGRAPHY_34100035,observed,inferred,research_only_broad_sector_capex_proxy,false
CAPEX51_PR_24_2016_CAPITAL_CONSTRUCTION,PR_24,Quebec,2021A000224,2016,actual_or_revised,1593.1,1593100000,current Canadian dollars,51,Information and cultural industries [51],"Capital, construction",C,good,STATCAN_CAPEX_INDUSTRY_GEOGRAPHY_34100035,observed,inferred,research_only_broad_sector_capex_proxy,false
CAPEX51_PR_24_2017_CAPITAL_CONSTRUCTION,PR_24,Quebec,2021A000224,2017,actual_or_revised,1550.3,1550300000,current Canadian dollars,51,Information and cultural industries [51],"Capital, construction",A,excellent,STATCAN_CAPEX_INDUSTRY_GEOGRAPHY_34100035,observed,inferred,research_only_broad_sector_capex_proxy,false
CAPEX51_PR_24_2018_CAPITAL_CONSTRUCTION,PR_24,Quebec,2021A000224,2018,actual_or_revised,1612.5,1612500000,current Canadian dollars,51,Information and cultural industries [51],"Capital, construction",B,very_good,STATCAN_CAPEX_INDUSTRY_GEOGRAPHY_34100035,observed,inferred,research_only_broad_sector_capex_proxy,false
CAPEX51_PR_24_2019_CAPITAL_CONSTRUCTION,PR_24,Quebec,2021A000224,2019,actual_or_revised,1525.0,1525000000,current Canadian dollars,51,Information and cultural industries [51],"Capital, construction",A,excellent,STATCAN_CAPEX_INDUSTRY_GEOGRAPHY_34100035,observed,inferred,research_only_broad_sector_capex_proxy,false
CAPEX51_PR_24_2020_CAPITAL_CONSTRUCTION,PR_24,Quebec,2021A000224,2020,actual_or_revised,1460.4,1460400000,current Canadian dollars,51,Information and cultural industries [51],"Capital, construction",B,very_good,STATCAN_CAPEX_INDUSTRY_GEOGRAPHY_34100035,observed,inferred,research_only_broad_sector_capex_proxy,false
CAPEX51_PR_24_2021_CAPITAL_CONSTRUCTION,PR_24,Quebec,2021A000224,2021,actual_or_revised,1536.1,1536100000,current Canadian dollars,51,Information and cultural industries [51],"Capital, construction",B,very_good,STATCAN_CAPEX_INDUSTRY_GEOGRAPHY_34100035,observed,inferred,research_only_broad_sector_capex_proxy,false
CAPEX51_PR_24_2022_CAPITAL_CONSTRUCTION,PR_24,Quebec,2021A000224,2022,actual_or_revised,1875.5,1875500000,current Canadian dollars,51,Information and cultural industries [51],"Capital, construction",A,excellent,STATCAN_CAPEX_INDUSTRY_GEOGRAPHY_34100035,observed,inferred,research_only_broad_sector_capex_proxy,false
CAPEX51_PR_24_2023_CAPITAL_CONSTRUCTION,PR_24,Quebec,2021A000224,2023,actual_or_revised,1735.4,1735400000,current Canadian dollars,51,Information and cultural industries [51],"Capital, construction",A,excellent,STATCAN_CAPEX_INDUSTRY_GEOGRAPHY_34100035,observed,inferred,research_only_broad_sector_capex_proxy,false
CAPEX51_PR_24_2024_CAPITAL_CONSTRUCTION,PR_24,Quebec,2021A000224,2024,actual_or_revised,1900.0,1900000000,current Canadian dollars,51,Information and cultural industries [51],"Capital, construction",A,excellent,STATCAN_CAPEX_INDUSTRY_GEOGRAPHY_34100035,observed,inferred,research_only_broad_sector_capex_proxy,false
CAPEX51_PR_24_2025_CAPITAL_CONSTRUCTION,PR_24,Quebec,2021A000224,2025,preliminary_actual,2134.3,2134300000,current Canadian dollars,51,Information and cultural industries [51],"Capital, construction",B,very_good,STATCAN_CAPEX_INDUSTRY_GEOGRAPHY_34100035,observed,inferred,research_only_broad_sector_capex_proxy,false
CAPEX51_PR_24_2026_CAPITAL_CONSTRUCTION,PR_24,Quebec,2021A000224,2026,intentions,2255.0,2255000000,current Canadian dollars,51,Information and cultural industries [51],"Capital, construction",E,use_with_caution,STATCAN_CAPEX_INDUSTRY_GEOGRAPHY_34100035,observed,inferred,research_only_broad_sector_capex_proxy,false
CAPEX51_PR_35_2006_CAPITAL_CONSTRUCTION,PR_35,Ontario,2021A000235,2006,actual_or_revised,838.4,838400000,current Canadian dollars,51,Information and cultural industries [51],"Capital, construction",,not_flagged,STATCAN_CAPEX_INDUSTRY_GEOGRAPHY_34100035,observed,inferred,research_only_broad_sector_capex_proxy,false
CAPEX51_PR_35_2007_CAPITAL_CONSTRUCTION,PR_35,Ontario,2021A000235,2007,actual_or_revised,854.2,854200000,current Canadian dollars,51,Information and cultural industries [51],"Capital, construction",,not_flagged,STATCAN_CAPEX_INDUSTRY_GEOGRAPHY_34100035,observed,inferred,research_only_broad_sector_capex_proxy,false
CAPEX51_PR_35_2008_CAPITAL_CONSTRUCTION,PR_35,Ontario,2021A000235,2008,actual_or_revised,776.9,776900000,current Canadian dollars,51,Information and cultural industries [51],"Capital, construction",,not_flagged,STATCAN_CAPEX_INDUSTRY_GEOGRAPHY_34100035,observed,inferred,research_only_broad_sector_capex_proxy,false
CAPEX51_PR_35_2009_CAPITAL_CONSTRUCTION,PR_35,Ontario,2021A000235,2009,actual_or_revised,577.1,577100000,current Canadian dollars,51,Information and cultural industries [51],"Capital, construction",,not_flagged,STATCAN_CAPEX_INDUSTRY_GEOGRAPHY_34100035,observed,inferred,research_only_broad_sector_capex_proxy,false
CAPEX51_PR_35_2010_CAPITAL_CONSTRUCTION,PR_35,Ontario,2021A000235,2010,actual_or_revised,1629.0,1629000000,current Canadian dollars,51,Information and cultural industries [51],"Capital, construction",,not_flagged,STATCAN_CAPEX_INDUSTRY_GEOGRAPHY_34100035,observed,inferred,research_only_broad_sector_capex_proxy,false
CAPEX51_PR_35_2011_CAPITAL_CONSTRUCTION,PR_35,Ontario,2021A000235,2011,actual_or_revised,1671.0,1671000000,current Canadian dollars,51,Information and cultural industries [51],"Capital, construction",,not_flagged,STATCAN_CAPEX_INDUSTRY_GEOGRAPHY_34100035,observed,inferred,research_only_broad_sector_capex_proxy,false
CAPEX51_PR_35_2012_CAPITAL_CONSTRUCTION,PR_35,Ontario,2021A000235,2012,actual_or_revised,1192.9,1192900000,current Canadian dollars,51,Information and cultural industries [51],"Capital, construction",,not_flagged,STATCAN_CAPEX_INDUSTRY_GEOGRAPHY_34100035,observed,inferred,research_only_broad_sector_capex_proxy,false
CAPEX51_PR_35_2013_CAPITAL_CONSTRUCTION,PR_35,Ontario,2021A000235,2013,actual_or_revised,1045.7,1045700000,current Canadian dollars,51,Information and cultural industries [51],"Capital, construction",E,use_with_caution,STATCAN_CAPEX_INDUSTRY_GEOGRAPHY_34100035,observed,inferred,research_only_broad_sector_capex_proxy,false
CAPEX51_PR_35_2014_CAPITAL_CONSTRUCTION,PR_35,Ontario,2021A000235,2014,actual_or_revised,2843.5,2843500000,current Canadian dollars,51,Information and cultural industries [51],"Capital, construction",A,excellent,STATCAN_CAPEX_INDUSTRY_GEOGRAPHY_34100035,observed,inferred,research_only_broad_sector_capex_proxy,false
CAPEX51_PR_35_2015_CAPITAL_CONSTRUCTION,PR_35,Ontario,2021A000235,2015,actual_or_revised,2844.2,2844200000,current Canadian dollars,51,Information and cultural industries [51],"Capital, construction",A,excellent,STATCAN_CAPEX_INDUSTRY_GEOGRAPHY_34100035,observed,inferred,research_only_broad_sector_capex_proxy,false
CAPEX51_PR_35_2016_CAPITAL_CONSTRUCTION,PR_35,Ontario,2021A000235,2016,actual_or_revised,2903.8,2903800000,current Canadian dollars,51,Information and cultural industries [51],"Capital, construction",B,very_good,STATCAN_CAPEX_INDUSTRY_GEOGRAPHY_34100035,observed,inferred,research_only_broad_sector_capex_proxy,false
CAPEX51_PR_35_2017_CAPITAL_CONSTRUCTION,PR_35,Ontario,2021A000235,2017,actual_or_revised,2686.9,2686900000,current Canadian dollars,51,Information and cultural industries [51],"Capital, construction",A,excellent,STATCAN_CAPEX_INDUSTRY_GEOGRAPHY_34100035,observed,inferred,research_only_broad_sector_capex_proxy,false
CAPEX51_PR_35_2018_CAPITAL_CONSTRUCTION,PR_35,Ontario,2021A000235,2018,actual_or_revised,3047.3,3047300000,current Canadian dollars,51,Information and cultural industries [51],"Capital, construction",A,excellent,STATCAN_CAPEX_INDUSTRY_GEOGRAPHY_34100035,observed,inferred,research_only_broad_sector_capex_proxy,false
CAPEX51_PR_35_2019_CAPITAL_CONSTRUCTION,PR_35,Ontario,2021A000235,2019,actual_or_revised,3227.5,3227500000,current Canadian dollars,51,Information and cultural industries [51],"Capital, construction",A,excellent,STATCAN_CAPEX_INDUSTRY_GEOGRAPHY_34100035,observed,inferred,research_only_broad_sector_capex_proxy,false
CAPEX51_PR_35_2020_CAPITAL_CONSTRUCTION,PR_35,Ontario,2021A000235,2020,actual_or_revised,3528.6,3528600000,current Canadian dollars,51,Information and cultural industries [51],"Capital, construction",A,excellent,STATCAN_CAPEX_INDUSTRY_GEOGRAPHY_34100035,observed,inferred,research_only_broad_sector_capex_proxy,false
CAPEX51_PR_35_2021_CAPITAL_CONSTRUCTION,PR_35,Ontario,2021A000235,2021,actual_or_revised,3790.5,3790500000,current Canadian dollars,51,Information and cultural industries [51],"Capital, construction",A,excellent,STATCAN_CAPEX_INDUSTRY_GEOGRAPHY_34100035,observed,inferred,research_only_broad_sector_capex_proxy,false
CAPEX51_PR_35_2022_CAPITAL_CONSTRUCTION,PR_35,Ontario,2021A000235,2022,actual_or_revised,4335.5,4335500000,current Canadian dollars,51,Information and cultural industries [51],"Capital, construction",C,good,STATCAN_CAPEX_INDUSTRY_GEOGRAPHY_34100035,observed,inferred,research_only_broad_sector_capex_proxy,false
CAPEX51_PR_35_2023_CAPITAL_CONSTRUCTION,PR_35,Ontario,2021A000235,2023,actual_or_revised,4685.4,4685400000,current Canadian dollars,51,Information and cultural industries [51],"Capital, construction",A,excellent,STATCAN_CAPEX_INDUSTRY_GEOGRAPHY_34100035,observed,inferred,research_only_broad_sector_capex_proxy,false
CAPEX51_PR_35_2024_CAPITAL_CONSTRUCTION,PR_35,Ontario,2021A000235,2024,actual_or_revised,4377.8,4377800000,current Canadian dollars,51,Information and cultural industries [51],"Capital, construction",C,good,STATCAN_CAPEX_INDUSTRY_GEOGRAPHY_34100035,observed,inferred,research_only_broad_sector_capex_proxy,false
CAPEX51_PR_35_2025_CAPITAL_CONSTRUCTION,PR_35,Ontario,2021A000235,2025,preliminary_actual,4380.6,4380600000,current Canadian dollars,51,Information and cultural industries [51],"Capital, construction",A,excellent,STATCAN_CAPEX_INDUSTRY_GEOGRAPHY_34100035,observed,inferred,research_only_broad_sector_capex_proxy,false
CAPEX51_PR_35_2026_CAPITAL_CONSTRUCTION,PR_35,Ontario,2021A000235,2026,intentions,4238.9,4238900000,current Canadian dollars,51,Information and cultural industries [51],"Capital, construction",E,use_with_caution,STATCAN_CAPEX_INDUSTRY_GEOGRAPHY_34100035,observed,inferred,research_only_broad_sector_capex_proxy,false
CAPEX51_PR_46_2006_CAPITAL_CONSTRUCTION,PR_46,Manitoba,2021A000246,2006,actual_or_revised,36.7,36700000,current Canadian dollars,51,Information and cultural industries [51],"Capital, construction",,not_flagged,STATCAN_CAPEX_INDUSTRY_GEOGRAPHY_34100035,observed,inferred,research_only_broad_sector_capex_proxy,false
CAPEX51_PR_46_2007_CAPITAL_CONSTRUCTION,PR_46,Manitoba,2021A000246,2007,actual_or_revised,29.1,29100000,current Canadian dollars,51,Information and cultural industries [51],"Capital, construction",,not_flagged,STATCAN_CAPEX_INDUSTRY_GEOGRAPHY_34100035,observed,inferred,research_only_broad_sector_capex_proxy,false
CAPEX51_PR_46_2008_CAPITAL_CONSTRUCTION,PR_46,Manitoba,2021A000246,2008,actual_or_revised,25.5,25500000,current Canadian dollars,51,Information and cultural industries [51],"Capital, construction",,not_flagged,STATCAN_CAPEX_INDUSTRY_GEOGRAPHY_34100035,observed,inferred,research_only_broad_sector_capex_proxy,false
CAPEX51_PR_46_2009_CAPITAL_CONSTRUCTION,PR_46,Manitoba,2021A000246,2009,actual_or_revised,22.7,22700000,current Canadian dollars,51,Information and cultural industries [51],"Capital, construction",,not_flagged,STATCAN_CAPEX_INDUSTRY_GEOGRAPHY_34100035,observed,inferred,research_only_broad_sector_capex_proxy,false
CAPEX51_PR_46_2010_CAPITAL_CONSTRUCTION,PR_46,Manitoba,2021A000246,2010,actual_or_revised,61.2,61200000,current Canadian dollars,51,Information and cultural industries [51],"Capital, construction",,not_flagged,STATCAN_CAPEX_INDUSTRY_GEOGRAPHY_34100035,observed,inferred,research_only_broad_sector_capex_proxy,false
CAPEX51_PR_46_2011_CAPITAL_CONSTRUCTION,PR_46,Manitoba,2021A000246,2011,actual_or_revised,92.7,92700000,current Canadian dollars,51,Information and cultural industries [51],"Capital, construction",,not_flagged,STATCAN_CAPEX_INDUSTRY_GEOGRAPHY_34100035,observed,inferred,research_only_broad_sector_capex_proxy,false
CAPEX51_PR_46_2012_CAPITAL_CONSTRUCTION,PR_46,Manitoba,2021A000246,2012,actual_or_revised,85.1,85100000,current Canadian dollars,51,Information and cultural industries [51],"Capital, construction",,not_flagged,STATCAN_CAPEX_INDUSTRY_GEOGRAPHY_34100035,observed,inferred,research_only_broad_sector_capex_proxy,false
CAPEX51_PR_46_2013_CAPITAL_CONSTRUCTION,PR_46,Manitoba,2021A000246,2013,actual_or_revised,47.0,47000000,current Canadian dollars,51,Information and cultural industries [51],"Capital, construction",A,excellent,STATCAN_CAPEX_INDUSTRY_GEOGRAPHY_34100035,observed,inferred,research_only_broad_sector_capex_proxy,false
CAPEX51_PR_46_2014_CAPITAL_CONSTRUCTION,PR_46,Manitoba,2021A000246,2014,actual_or_revised,113.0,113000000,current Canadian dollars,51,Information and cultural industries [51],"Capital, construction",A,excellent,STATCAN_CAPEX_INDUSTRY_GEOGRAPHY_34100035,observed,inferred,research_only_broad_sector_capex_proxy,false
CAPEX51_PR_46_2015_CAPITAL_CONSTRUCTION,PR_46,Manitoba,2021A000246,2015,actual_or_revised,214.3,214300000,current Canadian dollars,51,Information and cultural industries [51],"Capital, construction",A,excellent,STATCAN_CAPEX_INDUSTRY_GEOGRAPHY_34100035,observed,inferred,research_only_broad_sector_capex_proxy,false
CAPEX51_PR_46_2016_CAPITAL_CONSTRUCTION,PR_46,Manitoba,2021A000246,2016,actual_or_revised,148.7,148700000,current Canadian dollars,51,Information and cultural industries [51],"Capital, construction",A,excellent,STATCAN_CAPEX_INDUSTRY_GEOGRAPHY_34100035,observed,inferred,research_only_broad_sector_capex_proxy,false
CAPEX51_PR_46_2017_CAPITAL_CONSTRUCTION,PR_46,Manitoba,2021A000246,2017,actual_or_revised,172.9,172900000,current Canadian dollars,51,Information and cultural industries [51],"Capital, construction",B,very_good,STATCAN_CAPEX_INDUSTRY_GEOGRAPHY_34100035,observed,inferred,research_only_broad_sector_capex_proxy,false
CAPEX51_PR_46_2018_CAPITAL_CONSTRUCTION,PR_46,Manitoba,2021A000246,2018,actual_or_revised,163.8,163800000,current Canadian dollars,51,Information and cultural industries [51],"Capital, construction",A,excellent,STATCAN_CAPEX_INDUSTRY_GEOGRAPHY_34100035,observed,inferred,research_only_broad_sector_capex_proxy,false
CAPEX51_PR_46_2019_CAPITAL_CONSTRUCTION,PR_46,Manitoba,2021A000246,2019,actual_or_revised,158.8,158800000,current Canadian dollars,51,Information and cultural industries [51],"Capital, construction",A,excellent,STATCAN_CAPEX_INDUSTRY_GEOGRAPHY_34100035,observed,inferred,research_only_broad_sector_capex_proxy,false
CAPEX51_PR_46_2020_CAPITAL_CONSTRUCTION,PR_46,Manitoba,2021A000246,2020,actual_or_revised,346.8,346800000,current Canadian dollars,51,Information and cultural industries [51],"Capital, construction",A,excellent,STATCAN_CAPEX_INDUSTRY_GEOGRAPHY_34100035,observed,inferred,research_only_broad_sector_capex_proxy,false
CAPEX51_PR_46_2021_CAPITAL_CONSTRUCTION,PR_46,Manitoba,2021A000246,2021,actual_or_revised,,,current Canadian dollars,51,Information and cultural industries [51],"Capital, construction",x,suppressed_confidentiality,STATCAN_CAPEX_INDUSTRY_GEOGRAPHY_34100035,publisher_withheld_or_unavailable,inferred,research_only_broad_sector_capex_proxy,false
CAPEX51_PR_46_2022_CAPITAL_CONSTRUCTION,PR_46,Manitoba,2021A000246,2022,actual_or_revised,295.5,295500000,current Canadian dollars,51,Information and cultural industries [51],"Capital, construction",B,very_good,STATCAN_CAPEX_INDUSTRY_GEOGRAPHY_34100035,observed,inferred,research_only_broad_sector_capex_proxy,false
CAPEX51_PR_46_2023_CAPITAL_CONSTRUCTION,PR_46,Manitoba,2021A000246,2023,actual_or_revised,328.6,328600000,current Canadian dollars,51,Information and cultural industries [51],"Capital, construction",A,excellent,STATCAN_CAPEX_INDUSTRY_GEOGRAPHY_34100035,observed,inferred,research_only_broad_sector_capex_proxy,false
CAPEX51_PR_46_2024_CAPITAL_CONSTRUCTION,PR_46,Manitoba,2021A000246,2024,actual_or_revised,293.7,293700000,current Canadian dollars,51,Information and cultural industries [51],"Capital, construction",B,very_good,STATCAN_CAPEX_INDUSTRY_GEOGRAPHY_34100035,observed,inferred,research_only_broad_sector_capex_proxy,false
CAPEX51_PR_46_2025_CAPITAL_CONSTRUCTION,PR_46,Manitoba,2021A000246,2025,preliminary_actual,306.9,306900000,current Canadian dollars,51,Information and cultural industries [51],"Capital, construction",A,excellent,STATCAN_CAPEX_INDUSTRY_GEOGRAPHY_34100035,observed,inferred,research_only_broad_sector_capex_proxy,false
CAPEX51_PR_46_2026_CAPITAL_CONSTRUCTION,PR_46,Manitoba,2021A000246,2026,intentions,287.6,287600000,current Canadian dollars,51,Information and cultural industries [51],"Capital, construction",E,use_with_caution,STATCAN_CAPEX_INDUSTRY_GEOGRAPHY_34100035,observed,inferred,research_only_broad_sector_capex_proxy,false
CAPEX51_PR_47_2006_CAPITAL_CONSTRUCTION,PR_47,Saskatchewan,2021A000247,2006,actual_or_revised,24.2,24200000,current Canadian dollars,51,Information and cultural industries [51],"Capital, construction",,not_flagged,STATCAN_CAPEX_INDUSTRY_GEOGRAPHY_34100035,observed,inferred,research_only_broad_sector_capex_proxy,false
CAPEX51_PR_47_2007_CAPITAL_CONSTRUCTION,PR_47,Saskatchewan,2021A000247,2007,actual_or_revised,18.0,18000000,current Canadian dollars,51,Information and cultural industries [51],"Capital, construction",,not_flagged,STATCAN_CAPEX_INDUSTRY_GEOGRAPHY_34100035,observed,inferred,research_only_broad_sector_capex_proxy,false
CAPEX51_PR_47_2008_CAPITAL_CONSTRUCTION,PR_47,Saskatchewan,2021A000247,2008,actual_or_revised,23.6,23600000,current Canadian dollars,51,Information and cultural industries [51],"Capital, construction",,not_flagged,STATCAN_CAPEX_INDUSTRY_GEOGRAPHY_34100035,observed,inferred,research_only_broad_sector_capex_proxy,false
CAPEX51_PR_47_2009_CAPITAL_CONSTRUCTION,PR_47,Saskatchewan,2021A000247,2009,actual_or_revised,,,current Canadian dollars,51,Information and cultural industries [51],"Capital, construction",x,suppressed_confidentiality,STATCAN_CAPEX_INDUSTRY_GEOGRAPHY_34100035,publisher_withheld_or_unavailable,inferred,research_only_broad_sector_capex_proxy,false
CAPEX51_PR_47_2010_CAPITAL_CONSTRUCTION,PR_47,Saskatchewan,2021A000247,2010,actual_or_revised,62.1,62100000,current Canadian dollars,51,Information and cultural industries [51],"Capital, construction",,not_flagged,STATCAN_CAPEX_INDUSTRY_GEOGRAPHY_34100035,observed,inferred,research_only_broad_sector_capex_proxy,false
CAPEX51_PR_47_2011_CAPITAL_CONSTRUCTION,PR_47,Saskatchewan,2021A000247,2011,actual_or_revised,41.0,41000000,current Canadian dollars,51,Information and cultural industries [51],"Capital, construction",,not_flagged,STATCAN_CAPEX_INDUSTRY_GEOGRAPHY_34100035,observed,inferred,research_only_broad_sector_capex_proxy,false
CAPEX51_PR_47_2012_CAPITAL_CONSTRUCTION,PR_47,Saskatchewan,2021A000247,2012,actual_or_revised,72.9,72900000,current Canadian dollars,51,Information and cultural industries [51],"Capital, construction",,not_flagged,STATCAN_CAPEX_INDUSTRY_GEOGRAPHY_34100035,observed,inferred,research_only_broad_sector_capex_proxy,false
CAPEX51_PR_47_2013_CAPITAL_CONSTRUCTION,PR_47,Saskatchewan,2021A000247,2013,actual_or_revised,,,current Canadian dollars,51,Information and cultural industries [51],"Capital, construction",x,suppressed_confidentiality,STATCAN_CAPEX_INDUSTRY_GEOGRAPHY_34100035,publisher_withheld_or_unavailable,inferred,research_only_broad_sector_capex_proxy,false
CAPEX51_PR_47_2014_CAPITAL_CONSTRUCTION,PR_47,Saskatchewan,2021A000247,2014,actual_or_revised,31.4,31400000,current Canadian dollars,51,Information and cultural industries [51],"Capital, construction",A,excellent,STATCAN_CAPEX_INDUSTRY_GEOGRAPHY_34100035,observed,inferred,research_only_broad_sector_capex_proxy,false
CAPEX51_PR_47_2015_CAPITAL_CONSTRUCTION,PR_47,Saskatchewan,2021A000247,2015,actual_or_revised,,,current Canadian dollars,51,Information and cultural industries [51],"Capital, construction",x,suppressed_confidentiality,STATCAN_CAPEX_INDUSTRY_GEOGRAPHY_34100035,publisher_withheld_or_unavailable,inferred,research_only_broad_sector_capex_proxy,false
CAPEX51_PR_47_2016_CAPITAL_CONSTRUCTION,PR_47,Saskatchewan,2021A000247,2016,actual_or_revised,105.6,105600000,current Canadian dollars,51,Information and cultural industries [51],"Capital, construction",A,excellent,STATCAN_CAPEX_INDUSTRY_GEOGRAPHY_34100035,observed,inferred,research_only_broad_sector_capex_proxy,false
CAPEX51_PR_47_2017_CAPITAL_CONSTRUCTION,PR_47,Saskatchewan,2021A000247,2017,actual_or_revised,143.9,143900000,current Canadian dollars,51,Information and cultural industries [51],"Capital, construction",A,excellent,STATCAN_CAPEX_INDUSTRY_GEOGRAPHY_34100035,observed,inferred,research_only_broad_sector_capex_proxy,false
CAPEX51_PR_47_2018_CAPITAL_CONSTRUCTION,PR_47,Saskatchewan,2021A000247,2018,actual_or_revised,144.8,144800000,current Canadian dollars,51,Information and cultural industries [51],"Capital, construction",A,excellent,STATCAN_CAPEX_INDUSTRY_GEOGRAPHY_34100035,observed,inferred,research_only_broad_sector_capex_proxy,false
CAPEX51_PR_47_2019_CAPITAL_CONSTRUCTION,PR_47,Saskatchewan,2021A000247,2019,actual_or_revised,119.4,119400000,current Canadian dollars,51,Information and cultural industries [51],"Capital, construction",A,excellent,STATCAN_CAPEX_INDUSTRY_GEOGRAPHY_34100035,observed,inferred,research_only_broad_sector_capex_proxy,false
CAPEX51_PR_47_2020_CAPITAL_CONSTRUCTION,PR_47,Saskatchewan,2021A000247,2020,actual_or_revised,,,current Canadian dollars,51,Information and cultural industries [51],"Capital, construction",x,suppressed_confidentiality,STATCAN_CAPEX_INDUSTRY_GEOGRAPHY_34100035,publisher_withheld_or_unavailable,inferred,research_only_broad_sector_capex_proxy,false
CAPEX51_PR_47_2021_CAPITAL_CONSTRUCTION,PR_47,Saskatchewan,2021A000247,2021,actual_or_revised,,,current Canadian dollars,51,Information and cultural industries [51],"Capital, construction",x,suppressed_confidentiality,STATCAN_CAPEX_INDUSTRY_GEOGRAPHY_34100035,publisher_withheld_or_unavailable,inferred,research_only_broad_sector_capex_proxy,false
CAPEX51_PR_47_2022_CAPITAL_CONSTRUCTION,PR_47,Saskatchewan,2021A000247,2022,actual_or_revised,176.5,176500000,current Canadian dollars,51,Information and cultural industries [51],"Capital, construction",B,very_good,STATCAN_CAPEX_INDUSTRY_GEOGRAPHY_34100035,observed,inferred,research_only_broad_sector_capex_proxy,false
CAPEX51_PR_47_2023_CAPITAL_CONSTRUCTION,PR_47,Saskatchewan,2021A000247,2023,actual_or_revised,175.0,175000000,current Canadian dollars,51,Information and cultural industries [51],"Capital, construction",C,good,STATCAN_CAPEX_INDUSTRY_GEOGRAPHY_34100035,observed,inferred,research_only_broad_sector_capex_proxy,false
CAPEX51_PR_47_2024_CAPITAL_CONSTRUCTION,PR_47,Saskatchewan,2021A000247,2024,actual_or_revised,191.3,191300000,current Canadian dollars,51,Information and cultural industries [51],"Capital, construction",A,excellent,STATCAN_CAPEX_INDUSTRY_GEOGRAPHY_34100035,observed,inferred,research_only_broad_sector_capex_proxy,false
CAPEX51_PR_47_2025_CAPITAL_CONSTRUCTION,PR_47,Saskatchewan,2021A000247,2025,preliminary_actual,272.8,272800000,current Canadian dollars,51,Information and cultural industries [51],"Capital, construction",A,excellent,STATCAN_CAPEX_INDUSTRY_GEOGRAPHY_34100035,observed,inferred,research_only_broad_sector_capex_proxy,false
CAPEX51_PR_47_2026_CAPITAL_CONSTRUCTION,PR_47,Saskatchewan,2021A000247,2026,intentions,252.9,252900000,current Canadian dollars,51,Information and cultural industries [51],"Capital, construction",A,excellent,STATCAN_CAPEX_INDUSTRY_GEOGRAPHY_34100035,observed,inferred,research_only_broad_sector_capex_proxy,false
CAPEX51_PR_48_2006_CAPITAL_CONSTRUCTION,PR_48,Alberta,2021A000248,2006,actual_or_revised,367.3,367300000,current Canadian dollars,51,Information and cultural industries [51],"Capital, construction",,not_flagged,STATCAN_CAPEX_INDUSTRY_GEOGRAPHY_34100035,observed,inferred,research_only_broad_sector_capex_proxy,false
CAPEX51_PR_48_2007_CAPITAL_CONSTRUCTION,PR_48,Alberta,2021A000248,2007,actual_or_revised,273.2,273200000,current Canadian dollars,51,Information and cultural industries [51],"Capital, construction",,not_flagged,STATCAN_CAPEX_INDUSTRY_GEOGRAPHY_34100035,observed,inferred,research_only_broad_sector_capex_proxy,false
CAPEX51_PR_48_2008_CAPITAL_CONSTRUCTION,PR_48,Alberta,2021A000248,2008,actual_or_revised,367.7,367700000,current Canadian dollars,51,Information and cultural industries [51],"Capital, construction",,not_flagged,STATCAN_CAPEX_INDUSTRY_GEOGRAPHY_34100035,observed,inferred,research_only_broad_sector_capex_proxy,false
CAPEX51_PR_48_2009_CAPITAL_CONSTRUCTION,PR_48,Alberta,2021A000248,2009,actual_or_revised,360.8,360800000,current Canadian dollars,51,Information and cultural industries [51],"Capital, construction",,not_flagged,STATCAN_CAPEX_INDUSTRY_GEOGRAPHY_34100035,observed,inferred,research_only_broad_sector_capex_proxy,false
CAPEX51_PR_48_2010_CAPITAL_CONSTRUCTION,PR_48,Alberta,2021A000248,2010,actual_or_revised,479.4,479400000,current Canadian dollars,51,Information and cultural industries [51],"Capital, construction",,not_flagged,STATCAN_CAPEX_INDUSTRY_GEOGRAPHY_34100035,observed,inferred,research_only_broad_sector_capex_proxy,false
CAPEX51_PR_48_2011_CAPITAL_CONSTRUCTION,PR_48,Alberta,2021A000248,2011,actual_or_revised,423.2,423200000,current Canadian dollars,51,Information and cultural industries [51],"Capital, construction",,not_flagged,STATCAN_CAPEX_INDUSTRY_GEOGRAPHY_34100035,observed,inferred,research_only_broad_sector_capex_proxy,false
CAPEX51_PR_48_2012_CAPITAL_CONSTRUCTION,PR_48,Alberta,2021A000248,2012,actual_or_revised,571.4,571400000,current Canadian dollars,51,Information and cultural industries [51],"Capital, construction",,not_flagged,STATCAN_CAPEX_INDUSTRY_GEOGRAPHY_34100035,observed,inferred,research_only_broad_sector_capex_proxy,false
CAPEX51_PR_48_2013_CAPITAL_CONSTRUCTION,PR_48,Alberta,2021A000248,2013,actual_or_revised,393.5,393500000,current Canadian dollars,51,Information and cultural industries [51],"Capital, construction",A,excellent,STATCAN_CAPEX_INDUSTRY_GEOGRAPHY_34100035,observed,inferred,research_only_broad_sector_capex_proxy,false
CAPEX51_PR_48_2014_CAPITAL_CONSTRUCTION,PR_48,Alberta,2021A000248,2014,actual_or_revised,430.9,430900000,current Canadian dollars,51,Information and cultural industries [51],"Capital, construction",A,excellent,STATCAN_CAPEX_INDUSTRY_GEOGRAPHY_34100035,observed,inferred,research_only_broad_sector_capex_proxy,false
CAPEX51_PR_48_2015_CAPITAL_CONSTRUCTION,PR_48,Alberta,2021A000248,2015,actual_or_revised,,,current Canadian dollars,51,Information and cultural industries [51],"Capital, construction",x,suppressed_confidentiality,STATCAN_CAPEX_INDUSTRY_GEOGRAPHY_34100035,publisher_withheld_or_unavailable,inferred,research_only_broad_sector_capex_proxy,false
CAPEX51_PR_48_2016_CAPITAL_CONSTRUCTION,PR_48,Alberta,2021A000248,2016,actual_or_revised,453.7,453700000,current Canadian dollars,51,Information and cultural industries [51],"Capital, construction",A,excellent,STATCAN_CAPEX_INDUSTRY_GEOGRAPHY_34100035,observed,inferred,research_only_broad_sector_capex_proxy,false
CAPEX51_PR_48_2017_CAPITAL_CONSTRUCTION,PR_48,Alberta,2021A000248,2017,actual_or_revised,675.7,675700000,current Canadian dollars,51,Information and cultural industries [51],"Capital, construction",A,excellent,STATCAN_CAPEX_INDUSTRY_GEOGRAPHY_34100035,observed,inferred,research_only_broad_sector_capex_proxy,false
CAPEX51_PR_48_2018_CAPITAL_CONSTRUCTION,PR_48,Alberta,2021A000248,2018,actual_or_revised,594.0,594000000,current Canadian dollars,51,Information and cultural industries [51],"Capital, construction",A,excellent,STATCAN_CAPEX_INDUSTRY_GEOGRAPHY_34100035,observed,inferred,research_only_broad_sector_capex_proxy,false
CAPEX51_PR_48_2019_CAPITAL_CONSTRUCTION,PR_48,Alberta,2021A000248,2019,actual_or_revised,582.1,582100000,current Canadian dollars,51,Information and cultural industries [51],"Capital, construction",A,excellent,STATCAN_CAPEX_INDUSTRY_GEOGRAPHY_34100035,observed,inferred,research_only_broad_sector_capex_proxy,false
CAPEX51_PR_48_2020_CAPITAL_CONSTRUCTION,PR_48,Alberta,2021A000248,2020,actual_or_revised,825.4,825400000,current Canadian dollars,51,Information and cultural industries [51],"Capital, construction",A,excellent,STATCAN_CAPEX_INDUSTRY_GEOGRAPHY_34100035,observed,inferred,research_only_broad_sector_capex_proxy,false
CAPEX51_PR_48_2021_CAPITAL_CONSTRUCTION,PR_48,Alberta,2021A000248,2021,actual_or_revised,710.7,710700000,current Canadian dollars,51,Information and cultural industries [51],"Capital, construction",A,excellent,STATCAN_CAPEX_INDUSTRY_GEOGRAPHY_34100035,observed,inferred,research_only_broad_sector_capex_proxy,false
CAPEX51_PR_48_2022_CAPITAL_CONSTRUCTION,PR_48,Alberta,2021A000248,2022,actual_or_revised,406.4,406400000,current Canadian dollars,51,Information and cultural industries [51],"Capital, construction",B,very_good,STATCAN_CAPEX_INDUSTRY_GEOGRAPHY_34100035,observed,inferred,research_only_broad_sector_capex_proxy,false
CAPEX51_PR_48_2023_CAPITAL_CONSTRUCTION,PR_48,Alberta,2021A000248,2023,actual_or_revised,,,current Canadian dollars,51,Information and cultural industries [51],"Capital, construction",x,suppressed_confidentiality,STATCAN_CAPEX_INDUSTRY_GEOGRAPHY_34100035,publisher_withheld_or_unavailable,inferred,research_only_broad_sector_capex_proxy,false
CAPEX51_PR_48_2024_CAPITAL_CONSTRUCTION,PR_48,Alberta,2021A000248,2024,actual_or_revised,458.6,458600000,current Canadian dollars,51,Information and cultural industries [51],"Capital, construction",C,good,STATCAN_CAPEX_INDUSTRY_GEOGRAPHY_34100035,observed,inferred,research_only_broad_sector_capex_proxy,false
CAPEX51_PR_48_2025_CAPITAL_CONSTRUCTION,PR_48,Alberta,2021A000248,2025,preliminary_actual,996.1,996100000,current Canadian dollars,51,Information and cultural industries [51],"Capital, construction",A,excellent,STATCAN_CAPEX_INDUSTRY_GEOGRAPHY_34100035,observed,inferred,research_only_broad_sector_capex_proxy,false
CAPEX51_PR_48_2026_CAPITAL_CONSTRUCTION,PR_48,Alberta,2021A000248,2026,intentions,832.7,832700000,current Canadian dollars,51,Information and cultural industries [51],"Capital, construction",C,good,STATCAN_CAPEX_INDUSTRY_GEOGRAPHY_34100035,observed,inferred,research_only_broad_sector_capex_proxy,false
CAPEX51_PR_59_2006_CAPITAL_CONSTRUCTION,PR_59,British Columbia,2021A000259,2006,actual_or_revised,286.1,286100000,current Canadian dollars,51,Information and cultural industries [51],"Capital, construction",,not_flagged,STATCAN_CAPEX_INDUSTRY_GEOGRAPHY_34100035,observed,inferred,research_only_broad_sector_capex_proxy,false
CAPEX51_PR_59_2007_CAPITAL_CONSTRUCTION,PR_59,British Columbia,2021A000259,2007,actual_or_revised,199.6,199600000,current Canadian dollars,51,Information and cultural industries [51],"Capital, construction",,not_flagged,STATCAN_CAPEX_INDUSTRY_GEOGRAPHY_34100035,observed,inferred,research_only_broad_sector_capex_proxy,false
CAPEX51_PR_59_2008_CAPITAL_CONSTRUCTION,PR_59,British Columbia,2021A000259,2008,actual_or_revised,311.8,311800000,current Canadian dollars,51,Information and cultural industries [51],"Capital, construction",,not_flagged,STATCAN_CAPEX_INDUSTRY_GEOGRAPHY_34100035,observed,inferred,research_only_broad_sector_capex_proxy,false
CAPEX51_PR_59_2009_CAPITAL_CONSTRUCTION,PR_59,British Columbia,2021A000259,2009,actual_or_revised,388.7,388700000,current Canadian dollars,51,Information and cultural industries [51],"Capital, construction",,not_flagged,STATCAN_CAPEX_INDUSTRY_GEOGRAPHY_34100035,observed,inferred,research_only_broad_sector_capex_proxy,false
CAPEX51_PR_59_2010_CAPITAL_CONSTRUCTION,PR_59,British Columbia,2021A000259,2010,actual_or_revised,378.6,378600000,current Canadian dollars,51,Information and cultural industries [51],"Capital, construction",,not_flagged,STATCAN_CAPEX_INDUSTRY_GEOGRAPHY_34100035,observed,inferred,research_only_broad_sector_capex_proxy,false
CAPEX51_PR_59_2011_CAPITAL_CONSTRUCTION,PR_59,British Columbia,2021A000259,2011,actual_or_revised,423.3,423300000,current Canadian dollars,51,Information and cultural industries [51],"Capital, construction",,not_flagged,STATCAN_CAPEX_INDUSTRY_GEOGRAPHY_34100035,observed,inferred,research_only_broad_sector_capex_proxy,false
CAPEX51_PR_59_2012_CAPITAL_CONSTRUCTION,PR_59,British Columbia,2021A000259,2012,actual_or_revised,560.8,560800000,current Canadian dollars,51,Information and cultural industries [51],"Capital, construction",,not_flagged,STATCAN_CAPEX_INDUSTRY_GEOGRAPHY_34100035,observed,inferred,research_only_broad_sector_capex_proxy,false
CAPEX51_PR_59_2013_CAPITAL_CONSTRUCTION,PR_59,British Columbia,2021A000259,2013,actual_or_revised,292.9,292900000,current Canadian dollars,51,Information and cultural industries [51],"Capital, construction",A,excellent,STATCAN_CAPEX_INDUSTRY_GEOGRAPHY_34100035,observed,inferred,research_only_broad_sector_capex_proxy,false
CAPEX51_PR_59_2014_CAPITAL_CONSTRUCTION,PR_59,British Columbia,2021A000259,2014,actual_or_revised,339.7,339700000,current Canadian dollars,51,Information and cultural industries [51],"Capital, construction",A,excellent,STATCAN_CAPEX_INDUSTRY_GEOGRAPHY_34100035,observed,inferred,research_only_broad_sector_capex_proxy,false
CAPEX51_PR_59_2015_CAPITAL_CONSTRUCTION,PR_59,British Columbia,2021A000259,2015,actual_or_revised,484.1,484100000,current Canadian dollars,51,Information and cultural industries [51],"Capital, construction",A,excellent,STATCAN_CAPEX_INDUSTRY_GEOGRAPHY_34100035,observed,inferred,research_only_broad_sector_capex_proxy,false
CAPEX51_PR_59_2016_CAPITAL_CONSTRUCTION,PR_59,British Columbia,2021A000259,2016,actual_or_revised,617.3,617300000,current Canadian dollars,51,Information and cultural industries [51],"Capital, construction",A,excellent,STATCAN_CAPEX_INDUSTRY_GEOGRAPHY_34100035,observed,inferred,research_only_broad_sector_capex_proxy,false
CAPEX51_PR_59_2017_CAPITAL_CONSTRUCTION,PR_59,British Columbia,2021A000259,2017,actual_or_revised,652.7,652700000,current Canadian dollars,51,Information and cultural industries [51],"Capital, construction",B,very_good,STATCAN_CAPEX_INDUSTRY_GEOGRAPHY_34100035,observed,inferred,research_only_broad_sector_capex_proxy,false
CAPEX51_PR_59_2018_CAPITAL_CONSTRUCTION,PR_59,British Columbia,2021A000259,2018,actual_or_revised,595.5,595500000,current Canadian dollars,51,Information and cultural industries [51],"Capital, construction",A,excellent,STATCAN_CAPEX_INDUSTRY_GEOGRAPHY_34100035,observed,inferred,research_only_broad_sector_capex_proxy,false
CAPEX51_PR_59_2019_CAPITAL_CONSTRUCTION,PR_59,British Columbia,2021A000259,2019,actual_or_revised,651.1,651100000,current Canadian dollars,51,Information and cultural industries [51],"Capital, construction",A,excellent,STATCAN_CAPEX_INDUSTRY_GEOGRAPHY_34100035,observed,inferred,research_only_broad_sector_capex_proxy,false
CAPEX51_PR_59_2020_CAPITAL_CONSTRUCTION,PR_59,British Columbia,2021A000259,2020,actual_or_revised,570.7,570700000,current Canadian dollars,51,Information and cultural industries [51],"Capital, construction",A,excellent,STATCAN_CAPEX_INDUSTRY_GEOGRAPHY_34100035,observed,inferred,research_only_broad_sector_capex_proxy,false
CAPEX51_PR_59_2021_CAPITAL_CONSTRUCTION,PR_59,British Columbia,2021A000259,2021,actual_or_revised,670.7,670700000,current Canadian dollars,51,Information and cultural industries [51],"Capital, construction",A,excellent,STATCAN_CAPEX_INDUSTRY_GEOGRAPHY_34100035,observed,inferred,research_only_broad_sector_capex_proxy,false
CAPEX51_PR_59_2022_CAPITAL_CONSTRUCTION,PR_59,British Columbia,2021A000259,2022,actual_or_revised,649.0,649000000,current Canadian dollars,51,Information and cultural industries [51],"Capital, construction",B,very_good,STATCAN_CAPEX_INDUSTRY_GEOGRAPHY_34100035,observed,inferred,research_only_broad_sector_capex_proxy,false
CAPEX51_PR_59_2023_CAPITAL_CONSTRUCTION,PR_59,British Columbia,2021A000259,2023,actual_or_revised,,,current Canadian dollars,51,Information and cultural industries [51],"Capital, construction",x,suppressed_confidentiality,STATCAN_CAPEX_INDUSTRY_GEOGRAPHY_34100035,publisher_withheld_or_unavailable,inferred,research_only_broad_sector_capex_proxy,false
CAPEX51_PR_59_2024_CAPITAL_CONSTRUCTION,PR_59,British Columbia,2021A000259,2024,actual_or_revised,745.2,745200000,current Canadian dollars,51,Information and cultural industries [51],"Capital, construction",B,very_good,STATCAN_CAPEX_INDUSTRY_GEOGRAPHY_34100035,observed,inferred,research_only_broad_sector_capex_proxy,false
CAPEX51_PR_59_2025_CAPITAL_CONSTRUCTION,PR_59,British Columbia,2021A000259,2025,preliminary_actual,733.1,733100000,current Canadian dollars,51,Information and cultural industries [51],"Capital, construction",A,excellent,STATCAN_CAPEX_INDUSTRY_GEOGRAPHY_34100035,observed,inferred,research_only_broad_sector_capex_proxy,false
CAPEX51_PR_59_2026_CAPITAL_CONSTRUCTION,PR_59,British Columbia,2021A000259,2026,intentions,691.7,691700000,current Canadian dollars,51,Information and cultural industries [51],"Capital, construction",E,use_with_caution,STATCAN_CAPEX_INDUSTRY_GEOGRAPHY_34100035,observed,inferred,research_only_broad_sector_capex_proxy,false
CAPEX51_PR_60_2006_CAPITAL_CONSTRUCTION,PR_60,Yukon,2021A000260,2006,actual_or_revised,,,current Canadian dollars,51,Information and cultural industries [51],"Capital, construction",x,suppressed_confidentiality,STATCAN_CAPEX_INDUSTRY_GEOGRAPHY_34100035,publisher_withheld_or_unavailable,inferred,research_only_broad_sector_capex_proxy,false
CAPEX51_PR_60_2007_CAPITAL_CONSTRUCTION,PR_60,Yukon,2021A000260,2007,actual_or_revised,,,current Canadian dollars,51,Information and cultural industries [51],"Capital, construction",x,suppressed_confidentiality,STATCAN_CAPEX_INDUSTRY_GEOGRAPHY_34100035,publisher_withheld_or_unavailable,inferred,research_only_broad_sector_capex_proxy,false
CAPEX51_PR_60_2008_CAPITAL_CONSTRUCTION,PR_60,Yukon,2021A000260,2008,actual_or_revised,,,current Canadian dollars,51,Information and cultural industries [51],"Capital, construction",x,suppressed_confidentiality,STATCAN_CAPEX_INDUSTRY_GEOGRAPHY_34100035,publisher_withheld_or_unavailable,inferred,research_only_broad_sector_capex_proxy,false
CAPEX51_PR_60_2009_CAPITAL_CONSTRUCTION,PR_60,Yukon,2021A000260,2009,actual_or_revised,,,current Canadian dollars,51,Information and cultural industries [51],"Capital, construction",x,suppressed_confidentiality,STATCAN_CAPEX_INDUSTRY_GEOGRAPHY_34100035,publisher_withheld_or_unavailable,inferred,research_only_broad_sector_capex_proxy,false
CAPEX51_PR_60_2010_CAPITAL_CONSTRUCTION,PR_60,Yukon,2021A000260,2010,actual_or_revised,,,current Canadian dollars,51,Information and cultural industries [51],"Capital, construction",x,suppressed_confidentiality,STATCAN_CAPEX_INDUSTRY_GEOGRAPHY_34100035,publisher_withheld_or_unavailable,inferred,research_only_broad_sector_capex_proxy,false
CAPEX51_PR_60_2011_CAPITAL_CONSTRUCTION,PR_60,Yukon,2021A000260,2011,actual_or_revised,,,current Canadian dollars,51,Information and cultural industries [51],"Capital, construction",x,suppressed_confidentiality,STATCAN_CAPEX_INDUSTRY_GEOGRAPHY_34100035,publisher_withheld_or_unavailable,inferred,research_only_broad_sector_capex_proxy,false
CAPEX51_PR_60_2012_CAPITAL_CONSTRUCTION,PR_60,Yukon,2021A000260,2012,actual_or_revised,,,current Canadian dollars,51,Information and cultural industries [51],"Capital, construction",x,suppressed_confidentiality,STATCAN_CAPEX_INDUSTRY_GEOGRAPHY_34100035,publisher_withheld_or_unavailable,inferred,research_only_broad_sector_capex_proxy,false
CAPEX51_PR_60_2013_CAPITAL_CONSTRUCTION,PR_60,Yukon,2021A000260,2013,actual_or_revised,,,current Canadian dollars,51,Information and cultural industries [51],"Capital, construction",x,suppressed_confidentiality,STATCAN_CAPEX_INDUSTRY_GEOGRAPHY_34100035,publisher_withheld_or_unavailable,inferred,research_only_broad_sector_capex_proxy,false
CAPEX51_PR_60_2014_CAPITAL_CONSTRUCTION,PR_60,Yukon,2021A000260,2014,actual_or_revised,,,current Canadian dollars,51,Information and cultural industries [51],"Capital, construction",x,suppressed_confidentiality,STATCAN_CAPEX_INDUSTRY_GEOGRAPHY_34100035,publisher_withheld_or_unavailable,inferred,research_only_broad_sector_capex_proxy,false
CAPEX51_PR_60_2015_CAPITAL_CONSTRUCTION,PR_60,Yukon,2021A000260,2015,actual_or_revised,,,current Canadian dollars,51,Information and cultural industries [51],"Capital, construction",x,suppressed_confidentiality,STATCAN_CAPEX_INDUSTRY_GEOGRAPHY_34100035,publisher_withheld_or_unavailable,inferred,research_only_broad_sector_capex_proxy,false
CAPEX51_PR_60_2016_CAPITAL_CONSTRUCTION,PR_60,Yukon,2021A000260,2016,actual_or_revised,,,current Canadian dollars,51,Information and cultural industries [51],"Capital, construction",x,suppressed_confidentiality,STATCAN_CAPEX_INDUSTRY_GEOGRAPHY_34100035,publisher_withheld_or_unavailable,inferred,research_only_broad_sector_capex_proxy,false
CAPEX51_PR_60_2017_CAPITAL_CONSTRUCTION,PR_60,Yukon,2021A000260,2017,actual_or_revised,,,current Canadian dollars,51,Information and cultural industries [51],"Capital, construction",x,suppressed_confidentiality,STATCAN_CAPEX_INDUSTRY_GEOGRAPHY_34100035,publisher_withheld_or_unavailable,inferred,research_only_broad_sector_capex_proxy,false
CAPEX51_PR_60_2018_CAPITAL_CONSTRUCTION,PR_60,Yukon,2021A000260,2018,actual_or_revised,,,current Canadian dollars,51,Information and cultural industries [51],"Capital, construction",x,suppressed_confidentiality,STATCAN_CAPEX_INDUSTRY_GEOGRAPHY_34100035,publisher_withheld_or_unavailable,inferred,research_only_broad_sector_capex_proxy,false
CAPEX51_PR_60_2019_CAPITAL_CONSTRUCTION,PR_60,Yukon,2021A000260,2019,actual_or_revised,,,current Canadian dollars,51,Information and cultural industries [51],"Capital, construction",x,suppressed_confidentiality,STATCAN_CAPEX_INDUSTRY_GEOGRAPHY_34100035,publisher_withheld_or_unavailable,inferred,research_only_broad_sector_capex_proxy,false
CAPEX51_PR_60_2020_CAPITAL_CONSTRUCTION,PR_60,Yukon,2021A000260,2020,actual_or_revised,4.4,4400000,current Canadian dollars,51,Information and cultural industries [51],"Capital, construction",A,excellent,STATCAN_CAPEX_INDUSTRY_GEOGRAPHY_34100035,observed,inferred,research_only_broad_sector_capex_proxy,false
CAPEX51_PR_60_2021_CAPITAL_CONSTRUCTION,PR_60,Yukon,2021A000260,2021,actual_or_revised,,,current Canadian dollars,51,Information and cultural industries [51],"Capital, construction",x,suppressed_confidentiality,STATCAN_CAPEX_INDUSTRY_GEOGRAPHY_34100035,publisher_withheld_or_unavailable,inferred,research_only_broad_sector_capex_proxy,false
CAPEX51_PR_60_2022_CAPITAL_CONSTRUCTION,PR_60,Yukon,2021A000260,2022,actual_or_revised,22.6,22600000,current Canadian dollars,51,Information and cultural industries [51],"Capital, construction",A,excellent,STATCAN_CAPEX_INDUSTRY_GEOGRAPHY_34100035,observed,inferred,research_only_broad_sector_capex_proxy,false
CAPEX51_PR_60_2023_CAPITAL_CONSTRUCTION,PR_60,Yukon,2021A000260,2023,actual_or_revised,,,current Canadian dollars,51,Information and cultural industries [51],"Capital, construction",x,suppressed_confidentiality,STATCAN_CAPEX_INDUSTRY_GEOGRAPHY_34100035,publisher_withheld_or_unavailable,inferred,research_only_broad_sector_capex_proxy,false
CAPEX51_PR_60_2024_CAPITAL_CONSTRUCTION,PR_60,Yukon,2021A000260,2024,actual_or_revised,,,current Canadian dollars,51,Information and cultural industries [51],"Capital, construction",x,suppressed_confidentiality,STATCAN_CAPEX_INDUSTRY_GEOGRAPHY_34100035,publisher_withheld_or_unavailable,inferred,research_only_broad_sector_capex_proxy,false
CAPEX51_PR_60_2025_CAPITAL_CONSTRUCTION,PR_60,Yukon,2021A000260,2025,preliminary_actual,,,current Canadian dollars,51,Information and cultural industries [51],"Capital, construction",x,suppressed_confidentiality,STATCAN_CAPEX_INDUSTRY_GEOGRAPHY_34100035,publisher_withheld_or_unavailable,inferred,research_only_broad_sector_capex_proxy,false
CAPEX51_PR_60_2026_CAPITAL_CONSTRUCTION,PR_60,Yukon,2021A000260,2026,intentions,,,current Canadian dollars,51,Information and cultural industries [51],"Capital, construction",x,suppressed_confidentiality,STATCAN_CAPEX_INDUSTRY_GEOGRAPHY_34100035,publisher_withheld_or_unavailable,inferred,research_only_broad_sector_capex_proxy,false
CAPEX51_PR_61_2006_CAPITAL_CONSTRUCTION,PR_61,Northwest Territories,2021A000261,2006,actual_or_revised,,,current Canadian dollars,51,Information and cultural industries [51],"Capital, construction",x,suppressed_confidentiality,STATCAN_CAPEX_INDUSTRY_GEOGRAPHY_34100035,publisher_withheld_or_unavailable,inferred,research_only_broad_sector_capex_proxy,false
CAPEX51_PR_61_2007_CAPITAL_CONSTRUCTION,PR_61,Northwest Territories,2021A000261,2007,actual_or_revised,5.9,5900000,current Canadian dollars,51,Information and cultural industries [51],"Capital, construction",,not_flagged,STATCAN_CAPEX_INDUSTRY_GEOGRAPHY_34100035,observed,inferred,research_only_broad_sector_capex_proxy,false
CAPEX51_PR_61_2008_CAPITAL_CONSTRUCTION,PR_61,Northwest Territories,2021A000261,2008,actual_or_revised,,,current Canadian dollars,51,Information and cultural industries [51],"Capital, construction",x,suppressed_confidentiality,STATCAN_CAPEX_INDUSTRY_GEOGRAPHY_34100035,publisher_withheld_or_unavailable,inferred,research_only_broad_sector_capex_proxy,false
CAPEX51_PR_61_2009_CAPITAL_CONSTRUCTION,PR_61,Northwest Territories,2021A000261,2009,actual_or_revised,,,current Canadian dollars,51,Information and cultural industries [51],"Capital, construction",x,suppressed_confidentiality,STATCAN_CAPEX_INDUSTRY_GEOGRAPHY_34100035,publisher_withheld_or_unavailable,inferred,research_only_broad_sector_capex_proxy,false
CAPEX51_PR_61_2010_CAPITAL_CONSTRUCTION,PR_61,Northwest Territories,2021A000261,2010,actual_or_revised,,,current Canadian dollars,51,Information and cultural industries [51],"Capital, construction",x,suppressed_confidentiality,STATCAN_CAPEX_INDUSTRY_GEOGRAPHY_34100035,publisher_withheld_or_unavailable,inferred,research_only_broad_sector_capex_proxy,false
CAPEX51_PR_61_2011_CAPITAL_CONSTRUCTION,PR_61,Northwest Territories,2021A000261,2011,actual_or_revised,,,current Canadian dollars,51,Information and cultural industries [51],"Capital, construction",x,suppressed_confidentiality,STATCAN_CAPEX_INDUSTRY_GEOGRAPHY_34100035,publisher_withheld_or_unavailable,inferred,research_only_broad_sector_capex_proxy,false
CAPEX51_PR_61_2012_CAPITAL_CONSTRUCTION,PR_61,Northwest Territories,2021A000261,2012,actual_or_revised,,,current Canadian dollars,51,Information and cultural industries [51],"Capital, construction",x,suppressed_confidentiality,STATCAN_CAPEX_INDUSTRY_GEOGRAPHY_34100035,publisher_withheld_or_unavailable,inferred,research_only_broad_sector_capex_proxy,false
CAPEX51_PR_61_2013_CAPITAL_CONSTRUCTION,PR_61,Northwest Territories,2021A000261,2013,actual_or_revised,,,current Canadian dollars,51,Information and cultural industries [51],"Capital, construction",x,suppressed_confidentiality,STATCAN_CAPEX_INDUSTRY_GEOGRAPHY_34100035,publisher_withheld_or_unavailable,inferred,research_only_broad_sector_capex_proxy,false
CAPEX51_PR_61_2014_CAPITAL_CONSTRUCTION,PR_61,Northwest Territories,2021A000261,2014,actual_or_revised,,,current Canadian dollars,51,Information and cultural industries [51],"Capital, construction",x,suppressed_confidentiality,STATCAN_CAPEX_INDUSTRY_GEOGRAPHY_34100035,publisher_withheld_or_unavailable,inferred,research_only_broad_sector_capex_proxy,false
CAPEX51_PR_61_2015_CAPITAL_CONSTRUCTION,PR_61,Northwest Territories,2021A000261,2015,actual_or_revised,,,current Canadian dollars,51,Information and cultural industries [51],"Capital, construction",x,suppressed_confidentiality,STATCAN_CAPEX_INDUSTRY_GEOGRAPHY_34100035,publisher_withheld_or_unavailable,inferred,research_only_broad_sector_capex_proxy,false
CAPEX51_PR_61_2016_CAPITAL_CONSTRUCTION,PR_61,Northwest Territories,2021A000261,2016,actual_or_revised,,,current Canadian dollars,51,Information and cultural industries [51],"Capital, construction",x,suppressed_confidentiality,STATCAN_CAPEX_INDUSTRY_GEOGRAPHY_34100035,publisher_withheld_or_unavailable,inferred,research_only_broad_sector_capex_proxy,false
CAPEX51_PR_61_2017_CAPITAL_CONSTRUCTION,PR_61,Northwest Territories,2021A000261,2017,actual_or_revised,,,current Canadian dollars,51,Information and cultural industries [51],"Capital, construction",x,suppressed_confidentiality,STATCAN_CAPEX_INDUSTRY_GEOGRAPHY_34100035,publisher_withheld_or_unavailable,inferred,research_only_broad_sector_capex_proxy,false
CAPEX51_PR_61_2018_CAPITAL_CONSTRUCTION,PR_61,Northwest Territories,2021A000261,2018,actual_or_revised,,,current Canadian dollars,51,Information and cultural industries [51],"Capital, construction",x,suppressed_confidentiality,STATCAN_CAPEX_INDUSTRY_GEOGRAPHY_34100035,publisher_withheld_or_unavailable,inferred,research_only_broad_sector_capex_proxy,false
CAPEX51_PR_61_2019_CAPITAL_CONSTRUCTION,PR_61,Northwest Territories,2021A000261,2019,actual_or_revised,,,current Canadian dollars,51,Information and cultural industries [51],"Capital, construction",x,suppressed_confidentiality,STATCAN_CAPEX_INDUSTRY_GEOGRAPHY_34100035,publisher_withheld_or_unavailable,inferred,research_only_broad_sector_capex_proxy,false
CAPEX51_PR_61_2020_CAPITAL_CONSTRUCTION,PR_61,Northwest Territories,2021A000261,2020,actual_or_revised,6.3,6300000,current Canadian dollars,51,Information and cultural industries [51],"Capital, construction",B,very_good,STATCAN_CAPEX_INDUSTRY_GEOGRAPHY_34100035,observed,inferred,research_only_broad_sector_capex_proxy,false
CAPEX51_PR_61_2021_CAPITAL_CONSTRUCTION,PR_61,Northwest Territories,2021A000261,2021,actual_or_revised,,,current Canadian dollars,51,Information and cultural industries [51],"Capital, construction",x,suppressed_confidentiality,STATCAN_CAPEX_INDUSTRY_GEOGRAPHY_34100035,publisher_withheld_or_unavailable,inferred,research_only_broad_sector_capex_proxy,false
CAPEX51_PR_61_2022_CAPITAL_CONSTRUCTION,PR_61,Northwest Territories,2021A000261,2022,actual_or_revised,15.0,15000000,current Canadian dollars,51,Information and cultural industries [51],"Capital, construction",B,very_good,STATCAN_CAPEX_INDUSTRY_GEOGRAPHY_34100035,observed,inferred,research_only_broad_sector_capex_proxy,false
CAPEX51_PR_61_2023_CAPITAL_CONSTRUCTION,PR_61,Northwest Territories,2021A000261,2023,actual_or_revised,,,current Canadian dollars,51,Information and cultural industries [51],"Capital, construction",x,suppressed_confidentiality,STATCAN_CAPEX_INDUSTRY_GEOGRAPHY_34100035,publisher_withheld_or_unavailable,inferred,research_only_broad_sector_capex_proxy,false
CAPEX51_PR_61_2024_CAPITAL_CONSTRUCTION,PR_61,Northwest Territories,2021A000261,2024,actual_or_revised,,,current Canadian dollars,51,Information and cultural industries [51],"Capital, construction",x,suppressed_confidentiality,STATCAN_CAPEX_INDUSTRY_GEOGRAPHY_34100035,publisher_withheld_or_unavailable,inferred,research_only_broad_sector_capex_proxy,false
CAPEX51_PR_61_2025_CAPITAL_CONSTRUCTION,PR_61,Northwest Territories,2021A000261,2025,preliminary_actual,,,current Canadian dollars,51,Information and cultural industries [51],"Capital, construction",x,suppressed_confidentiality,STATCAN_CAPEX_INDUSTRY_GEOGRAPHY_34100035,publisher_withheld_or_unavailable,inferred,research_only_broad_sector_capex_proxy,false
CAPEX51_PR_61_2026_CAPITAL_CONSTRUCTION,PR_61,Northwest Territories,2021A000261,2026,intentions,,,current Canadian dollars,51,Information and cultural industries [51],"Capital, construction",x,suppressed_confidentiality,STATCAN_CAPEX_INDUSTRY_GEOGRAPHY_34100035,publisher_withheld_or_unavailable,inferred,research_only_broad_sector_capex_proxy,false
CAPEX51_PR_62_2006_CAPITAL_CONSTRUCTION,PR_62,Nunavut,2021A000262,2006,actual_or_revised,,,current Canadian dollars,51,Information and cultural industries [51],"Capital, construction",x,suppressed_confidentiality,STATCAN_CAPEX_INDUSTRY_GEOGRAPHY_34100035,publisher_withheld_or_unavailable,inferred,research_only_broad_sector_capex_proxy,false
CAPEX51_PR_62_2007_CAPITAL_CONSTRUCTION,PR_62,Nunavut,2021A000262,2007,actual_or_revised,,,current Canadian dollars,51,Information and cultural industries [51],"Capital, construction",x,suppressed_confidentiality,STATCAN_CAPEX_INDUSTRY_GEOGRAPHY_34100035,publisher_withheld_or_unavailable,inferred,research_only_broad_sector_capex_proxy,false
CAPEX51_PR_62_2008_CAPITAL_CONSTRUCTION,PR_62,Nunavut,2021A000262,2008,actual_or_revised,0.6,600000,current Canadian dollars,51,Information and cultural industries [51],"Capital, construction",,not_flagged,STATCAN_CAPEX_INDUSTRY_GEOGRAPHY_34100035,observed,inferred,research_only_broad_sector_capex_proxy,false
CAPEX51_PR_62_2009_CAPITAL_CONSTRUCTION,PR_62,Nunavut,2021A000262,2009,actual_or_revised,1.3,1300000,current Canadian dollars,51,Information and cultural industries [51],"Capital, construction",,not_flagged,STATCAN_CAPEX_INDUSTRY_GEOGRAPHY_34100035,observed,inferred,research_only_broad_sector_capex_proxy,false
CAPEX51_PR_62_2010_CAPITAL_CONSTRUCTION,PR_62,Nunavut,2021A000262,2010,actual_or_revised,,,current Canadian dollars,51,Information and cultural industries [51],"Capital, construction",x,suppressed_confidentiality,STATCAN_CAPEX_INDUSTRY_GEOGRAPHY_34100035,publisher_withheld_or_unavailable,inferred,research_only_broad_sector_capex_proxy,false
CAPEX51_PR_62_2011_CAPITAL_CONSTRUCTION,PR_62,Nunavut,2021A000262,2011,actual_or_revised,,,current Canadian dollars,51,Information and cultural industries [51],"Capital, construction",x,suppressed_confidentiality,STATCAN_CAPEX_INDUSTRY_GEOGRAPHY_34100035,publisher_withheld_or_unavailable,inferred,research_only_broad_sector_capex_proxy,false
CAPEX51_PR_62_2012_CAPITAL_CONSTRUCTION,PR_62,Nunavut,2021A000262,2012,actual_or_revised,,,current Canadian dollars,51,Information and cultural industries [51],"Capital, construction",x,suppressed_confidentiality,STATCAN_CAPEX_INDUSTRY_GEOGRAPHY_34100035,publisher_withheld_or_unavailable,inferred,research_only_broad_sector_capex_proxy,false
CAPEX51_PR_62_2013_CAPITAL_CONSTRUCTION,PR_62,Nunavut,2021A000262,2013,actual_or_revised,,,current Canadian dollars,51,Information and cultural industries [51],"Capital, construction",x,suppressed_confidentiality,STATCAN_CAPEX_INDUSTRY_GEOGRAPHY_34100035,publisher_withheld_or_unavailable,inferred,research_only_broad_sector_capex_proxy,false
CAPEX51_PR_62_2014_CAPITAL_CONSTRUCTION,PR_62,Nunavut,2021A000262,2014,actual_or_revised,,,current Canadian dollars,51,Information and cultural industries [51],"Capital, construction",x,suppressed_confidentiality,STATCAN_CAPEX_INDUSTRY_GEOGRAPHY_34100035,publisher_withheld_or_unavailable,inferred,research_only_broad_sector_capex_proxy,false
CAPEX51_PR_62_2015_CAPITAL_CONSTRUCTION,PR_62,Nunavut,2021A000262,2015,actual_or_revised,,,current Canadian dollars,51,Information and cultural industries [51],"Capital, construction",x,suppressed_confidentiality,STATCAN_CAPEX_INDUSTRY_GEOGRAPHY_34100035,publisher_withheld_or_unavailable,inferred,research_only_broad_sector_capex_proxy,false
CAPEX51_PR_62_2016_CAPITAL_CONSTRUCTION,PR_62,Nunavut,2021A000262,2016,actual_or_revised,,,current Canadian dollars,51,Information and cultural industries [51],"Capital, construction",x,suppressed_confidentiality,STATCAN_CAPEX_INDUSTRY_GEOGRAPHY_34100035,publisher_withheld_or_unavailable,inferred,research_only_broad_sector_capex_proxy,false
CAPEX51_PR_62_2017_CAPITAL_CONSTRUCTION,PR_62,Nunavut,2021A000262,2017,actual_or_revised,,,current Canadian dollars,51,Information and cultural industries [51],"Capital, construction",x,suppressed_confidentiality,STATCAN_CAPEX_INDUSTRY_GEOGRAPHY_34100035,publisher_withheld_or_unavailable,inferred,research_only_broad_sector_capex_proxy,false
CAPEX51_PR_62_2018_CAPITAL_CONSTRUCTION,PR_62,Nunavut,2021A000262,2018,actual_or_revised,,,current Canadian dollars,51,Information and cultural industries [51],"Capital, construction",x,suppressed_confidentiality,STATCAN_CAPEX_INDUSTRY_GEOGRAPHY_34100035,publisher_withheld_or_unavailable,inferred,research_only_broad_sector_capex_proxy,false
CAPEX51_PR_62_2019_CAPITAL_CONSTRUCTION,PR_62,Nunavut,2021A000262,2019,actual_or_revised,,,current Canadian dollars,51,Information and cultural industries [51],"Capital, construction",x,suppressed_confidentiality,STATCAN_CAPEX_INDUSTRY_GEOGRAPHY_34100035,publisher_withheld_or_unavailable,inferred,research_only_broad_sector_capex_proxy,false
CAPEX51_PR_62_2020_CAPITAL_CONSTRUCTION,PR_62,Nunavut,2021A000262,2020,actual_or_revised,,,current Canadian dollars,51,Information and cultural industries [51],"Capital, construction",x,suppressed_confidentiality,STATCAN_CAPEX_INDUSTRY_GEOGRAPHY_34100035,publisher_withheld_or_unavailable,inferred,research_only_broad_sector_capex_proxy,false
CAPEX51_PR_62_2021_CAPITAL_CONSTRUCTION,PR_62,Nunavut,2021A000262,2021,actual_or_revised,,,current Canadian dollars,51,Information and cultural industries [51],"Capital, construction",x,suppressed_confidentiality,STATCAN_CAPEX_INDUSTRY_GEOGRAPHY_34100035,publisher_withheld_or_unavailable,inferred,research_only_broad_sector_capex_proxy,false
CAPEX51_PR_62_2022_CAPITAL_CONSTRUCTION,PR_62,Nunavut,2021A000262,2022,actual_or_revised,0.7,700000,current Canadian dollars,51,Information and cultural industries [51],"Capital, construction",A,excellent,STATCAN_CAPEX_INDUSTRY_GEOGRAPHY_34100035,observed,inferred,research_only_broad_sector_capex_proxy,false
CAPEX51_PR_62_2023_CAPITAL_CONSTRUCTION,PR_62,Nunavut,2021A000262,2023,actual_or_revised,,,current Canadian dollars,51,Information and cultural industries [51],"Capital, construction",x,suppressed_confidentiality,STATCAN_CAPEX_INDUSTRY_GEOGRAPHY_34100035,publisher_withheld_or_unavailable,inferred,research_only_broad_sector_capex_proxy,false
CAPEX51_PR_62_2024_CAPITAL_CONSTRUCTION,PR_62,Nunavut,2021A000262,2024,actual_or_revised,,,current Canadian dollars,51,Information and cultural industries [51],"Capital, construction",x,suppressed_confidentiality,STATCAN_CAPEX_INDUSTRY_GEOGRAPHY_34100035,publisher_withheld_or_unavailable,inferred,research_only_broad_sector_capex_proxy,false
CAPEX51_PR_62_2025_CAPITAL_CONSTRUCTION,PR_62,Nunavut,2021A000262,2025,preliminary_actual,,,current Canadian dollars,51,Information and cultural industries [51],"Capital, construction",x,suppressed_confidentiality,STATCAN_CAPEX_INDUSTRY_GEOGRAPHY_34100035,publisher_withheld_or_unavailable,inferred,research_only_broad_sector_capex_proxy,false
CAPEX51_PR_62_2026_CAPITAL_CONSTRUCTION,PR_62,Nunavut,2021A000262,2026,intentions,,,current Canadian dollars,51,Information and cultural industries [51],"Capital, construction",x,suppressed_confidentiality,STATCAN_CAPEX_INDUSTRY_GEOGRAPHY_34100035,publisher_withheld_or_unavailable,inferred,research_only_broad_sector_capex_proxy,false
