metric_id,geography_id,quantity_type,quantity_status,scenario,period,value,unit,is_approximate,source_id,source_locator,comparability_group,evidence_status,publication_authorized
QC_DC_2035_PEAK_2026_ANNOUNCEMENT,PR_24,data_centre_peak_announcement,published_outlook,approximately_2035,2035,1000.0,MW,True,HYDRO_QUEBEC_DATA_CENTRE_RATE_2026,"At a glance, across the sector",data_centre_peak_announcement,observed_source_publication,False
QC_DC_CURRENT_PEAK_2026_ANNOUNCEMENT,PR_24,data_centre_peak_announcement,observed_or_announced,current,2026-02-19,200.0,MW,True,HYDRO_QUEBEC_DATA_CENTRE_RATE_2026,"At a glance, data centres operating in Quebec",data_centre_peak_announcement,observed_source_publication,False
QC_DC_WINTER_PEAK_2025_26,PR_24,data_centre_winter_peak,published_forecast,plan_reference,2025-2026,297.0,MW,False,QUEBEC_SUPPLY_PLAN_PROGRESS_2025,"page 12, Table 2.3, Centres de données",data_centre_peak_forecast,observed_source_publication,False
QC_DC_WINTER_PEAK_2030_31,PR_24,data_centre_winter_peak,published_forecast,plan_reference,2030-2031,835.0,MW,False,QUEBEC_SUPPLY_PLAN_PROGRESS_2025,"page 12, Table 2.3, Centres de données",data_centre_peak_forecast,observed_source_publication,False
QC_DC_WINTER_PEAK_2034_35,PR_24,data_centre_winter_peak,published_forecast,plan_reference,2034-2035,1102.0,MW,False,QUEBEC_SUPPLY_PLAN_PROGRESS_2025,"page 12, Table 2.3, Centres de données",data_centre_peak_forecast,observed_source_publication,False
QC_REGULAR_SALES_2025,PR_24,system_regular_electricity_sales,published_forecast,plan_reference,2025,182.4,TWh,False,QUEBEC_SUPPLY_PLAN_PROGRESS_2025,"page 10, Table 2.1",system_energy_forecast_source_specific,observed_source_publication,False
QC_REGULAR_SALES_2030,PR_24,system_regular_electricity_sales,published_forecast,plan_reference,2030,204.7,TWh,False,QUEBEC_SUPPLY_PLAN_PROGRESS_2025,"page 10, Table 2.1",system_energy_forecast_source_specific,observed_source_publication,False
QC_REGULAR_SALES_2035,PR_24,system_regular_electricity_sales,published_forecast,plan_reference,2035,227.5,TWh,False,QUEBEC_SUPPLY_PLAN_PROGRESS_2025,"page 10, Table 2.1",system_energy_forecast_source_specific,observed_source_publication,False
QC_SYSTEM_WINTER_PEAK_2025_26,PR_24,seasonal_peak_demand,published_forecast,plan_reference_winter,2025-2026,40599.0,MW,False,QUEBEC_SUPPLY_PLAN_PROGRESS_2025,"page 12, Table 2.3",system_peak_forecast,observed_source_publication,False
QC_SYSTEM_WINTER_PEAK_2030_31,PR_24,seasonal_peak_demand,published_forecast,plan_reference_winter,2030-2031,44344.0,MW,False,QUEBEC_SUPPLY_PLAN_PROGRESS_2025,"page 12, Table 2.3",system_peak_forecast,observed_source_publication,False
QC_SYSTEM_WINTER_PEAK_2034_35,PR_24,seasonal_peak_demand,published_forecast,plan_reference_winter,2034-2035,47528.0,MW,False,QUEBEC_SUPPLY_PLAN_PROGRESS_2025,"page 12, Table 2.3",system_peak_forecast,observed_source_publication,False
ON_DC_ENERGY_HIGH_2027,PR_35,data_centre_net_annual_energy,published_forecast,high,2027,4.5,TWh,True,IESO_APO_2026_DEMAND_MODULE,"page 18, section 2.2.2.1",data_centre_energy_forecast,observed_source_publication,False
ON_DC_ENERGY_HIGH_2050,PR_35,data_centre_net_annual_energy,published_forecast,high,2050,28.4,TWh,True,IESO_APO_2026_DEMAND_MODULE,"page 18, section 2.2.2.1",data_centre_energy_forecast,observed_source_publication,False
ON_DC_ENERGY_LOW_2027,PR_35,data_centre_net_annual_energy,published_forecast,low,2027,3.0,TWh,True,IESO_APO_2026_DEMAND_MODULE,"page 22, section 2.3.2.1",data_centre_energy_forecast,observed_source_publication,False
ON_DC_ENERGY_LOW_2050,PR_35,data_centre_net_annual_energy,published_forecast,low,2050,14.0,TWh,True,IESO_APO_2026_DEMAND_MODULE,"page 22, section 2.3.2.1",data_centre_energy_forecast,observed_source_publication,False
ON_DC_ENERGY_REF_2027,PR_35,data_centre_net_annual_energy,published_forecast,reference,2027,4.5,TWh,True,IESO_APO_2026_DEMAND_MODULE,"page 8, section 2.1.2.1",data_centre_energy_forecast,observed_source_publication,False
ON_DC_ENERGY_REF_2050,PR_35,data_centre_net_annual_energy,published_forecast,reference,2050,22.6,TWh,True,IESO_APO_2026_DEMAND_MODULE,"page 8, section 2.1.2.1",data_centre_energy_forecast,observed_source_publication,False
ON_REMAINING_CAPACITY_2031,PR_35,remaining_capacity_need_after_in_flight,published_forecast,reference,2031,323.0,MW,False,IESO_APO_2026_DATA_TABLES,Figure 29!F8,operator_remaining_capacity_need,observed_source_publication,False
ON_REMAINING_CAPACITY_2035,PR_35,remaining_capacity_need_after_in_flight,published_forecast,reference,2035,7164.0,MW,False,IESO_APO_2026_DATA_TABLES,Figure 29!J8,operator_remaining_capacity_need,observed_source_publication,False
ON_REMAINING_CAPACITY_2040,PR_35,remaining_capacity_need_after_in_flight,published_forecast,reference,2040,11594.0,MW,False,IESO_APO_2026_DATA_TABLES,Figure 29!O8,operator_remaining_capacity_need,observed_source_publication,False
ON_REMAINING_ENERGY_2031,PR_35,remaining_energy_need_after_in_flight,published_forecast,reference,2031,3.0,TWh,False,IESO_APO_2026_DATA_TABLES,Figure 30!F8,operator_remaining_energy_need,observed_source_publication,False
ON_REMAINING_ENERGY_2035,PR_35,remaining_energy_need_after_in_flight,published_forecast,reference,2035,21.5,TWh,False,IESO_APO_2026_DATA_TABLES,Figure 30!J8,operator_remaining_energy_need,observed_source_publication,False
ON_REMAINING_ENERGY_2040,PR_35,remaining_energy_need_after_in_flight,published_forecast,reference,2040,65.2,TWh,False,IESO_APO_2026_DATA_TABLES,Figure 30!O8,operator_remaining_energy_need,observed_source_publication,False
ON_SUMMER_PEAK_HIGH_2035,PR_35,seasonal_peak_demand,published_forecast,high_summer,2035,30.66,GW,False,IESO_APO_2026_DATA_TABLES,Figure 2!K8,system_peak_forecast,observed_source_publication,False
ON_SUMMER_PEAK_HIGH_2050,PR_35,seasonal_peak_demand,published_forecast,high_summer,2050,40.92,GW,False,IESO_APO_2026_DATA_TABLES,Figure 2!Z8,system_peak_forecast,observed_source_publication,False
ON_SUMMER_PEAK_LOW_2035,PR_35,seasonal_peak_demand,published_forecast,low_summer,2035,26.5,GW,False,IESO_APO_2026_DATA_TABLES,Figure 2!K9,system_peak_forecast,observed_source_publication,False
ON_SUMMER_PEAK_LOW_2050,PR_35,seasonal_peak_demand,published_forecast,low_summer,2050,29.5,GW,False,IESO_APO_2026_DATA_TABLES,Figure 2!Z9,system_peak_forecast,observed_source_publication,False
ON_SUMMER_PEAK_REF_2035,PR_35,seasonal_peak_demand,published_forecast,reference_summer,2035,28.31,GW,False,IESO_APO_2026_DATA_TABLES,Figure 2!K7,system_peak_forecast,observed_source_publication,False
ON_SUMMER_PEAK_REF_2050,PR_35,seasonal_peak_demand,published_forecast,reference_summer,2050,35.07,GW,False,IESO_APO_2026_DATA_TABLES,Figure 2!Z7,system_peak_forecast,observed_source_publication,False
ON_SYSTEM_ENERGY_HIGH_2035,PR_35,system_net_annual_energy,published_forecast,high,2035,218.22,TWh,False,IESO_APO_2026_DATA_TABLES,Figure 1!K8,system_energy_forecast,observed_source_publication,False
ON_SYSTEM_ENERGY_HIGH_2050,PR_35,system_net_annual_energy,published_forecast,high,2050,297.13,TWh,False,IESO_APO_2026_DATA_TABLES,Figure 1!Z8,system_energy_forecast,observed_source_publication,False
ON_SYSTEM_ENERGY_LOW_2035,PR_35,system_net_annual_energy,published_forecast,low,2035,177.25,TWh,False,IESO_APO_2026_DATA_TABLES,Figure 1!K9,system_energy_forecast,observed_source_publication,False
ON_SYSTEM_ENERGY_LOW_2050,PR_35,system_net_annual_energy,published_forecast,low,2050,206.51,TWh,False,IESO_APO_2026_DATA_TABLES,Figure 1!Z9,system_energy_forecast,observed_source_publication,False
ON_SYSTEM_ENERGY_REF_2026,PR_35,system_net_annual_energy,published_forecast,reference,2026,152.46,TWh,False,IESO_APO_2026_DATA_TABLES,Figure 1!B7,system_energy_forecast,observed_source_publication,False
ON_SYSTEM_ENERGY_REF_2035,PR_35,system_net_annual_energy,published_forecast,reference,2035,195.33,TWh,False,IESO_APO_2026_DATA_TABLES,Figure 1!K7,system_energy_forecast,observed_source_publication,False
ON_SYSTEM_ENERGY_REF_2040,PR_35,system_net_annual_energy,published_forecast,reference,2040,219.67,TWh,False,IESO_APO_2026_DATA_TABLES,Figure 1!P7,system_energy_forecast,observed_source_publication,False
ON_SYSTEM_ENERGY_REF_2050,PR_35,system_net_annual_energy,published_forecast,reference,2050,250.62,TWh,False,IESO_APO_2026_DATA_TABLES,Figure 1!Z7,system_energy_forecast,observed_source_publication,False
ON_WINTER_PEAK_HIGH_2035,PR_35,seasonal_peak_demand,published_forecast,high_winter,2035,31.03,GW,False,IESO_APO_2026_DATA_TABLES,Figure 2!K11,system_peak_forecast,observed_source_publication,False
ON_WINTER_PEAK_HIGH_2050,PR_35,seasonal_peak_demand,published_forecast,high_winter,2050,41.84,GW,False,IESO_APO_2026_DATA_TABLES,Figure 2!Z11,system_peak_forecast,observed_source_publication,False
ON_WINTER_PEAK_LOW_2035,PR_35,seasonal_peak_demand,published_forecast,low_winter,2035,25.42,GW,False,IESO_APO_2026_DATA_TABLES,Figure 2!K12,system_peak_forecast,observed_source_publication,False
ON_WINTER_PEAK_LOW_2050,PR_35,seasonal_peak_demand,published_forecast,low_winter,2050,29.32,GW,False,IESO_APO_2026_DATA_TABLES,Figure 2!Z12,system_peak_forecast,observed_source_publication,False
ON_WINTER_PEAK_REF_2035,PR_35,seasonal_peak_demand,published_forecast,reference_winter,2035,27.81,GW,False,IESO_APO_2026_DATA_TABLES,Figure 2!K10,system_peak_forecast,observed_source_publication,False
ON_WINTER_PEAK_REF_2050,PR_35,seasonal_peak_demand,published_forecast,reference_winter,2050,35.09,GW,False,IESO_APO_2026_DATA_TABLES,Figure 2!Z10,system_peak_forecast,observed_source_publication,False
BC_2024_CALL_FOR_POWER_ENERGY,PR_59,planned_energy_acquisition,contracted_plan_action,awarded,annual,5000.0,GWh_per_year,True,BC_HYDRO_IRP_2025_SUMMARY,"Key aspect 2, 2024 Call for Power",planned_supply_action_energy,observed_source_publication,False
BC_2025_CALL_FOR_POWER_ENERGY,PR_59,planned_energy_acquisition,proposed_plan_action,up_to_by_2034,2034,5000.0,GWh_per_year,False,BC_HYDRO_IRP_2025_SUMMARY,"Key aspect 2, 2025 Call for Power",planned_supply_action_energy,observed_source_publication,False
BC_GM_SHRUM_UPGRADE_CAPACITY,PR_59,planned_generation_capacity_addition,conditional_plan_action,later_horizon_if_needed,unspecified,100.0,MW,False,BC_HYDRO_IRP_2025_SUMMARY,"Key aspect 3, GM Shrum units 1-5",planned_supply_action_capacity,observed_source_publication,False
BC_REVELSTOKE_UNIT_6_CAPACITY,PR_59,planned_generation_capacity_addition,proposed_plan_action,earliest_in_service,unspecified,500.0,MW,False,BC_HYDRO_IRP_2025_SUMMARY,"Key aspect 3, Revelstoke unit 6",planned_supply_action_capacity,observed_source_publication,False
