previous_snapshot_date,current_snapshot_date,previous_project_count,current_project_count,continuing_project_count,newly_observed_project_count,disappeared_project_count,reentered_project_count,publisher_declared_retirement_disappearance_count,unclassified_disappearance_count,threshold_transition,source_id,evidence_status
2020-05-19,2020-06-04,281,278,278,0,3,0,0,3,False,QUEBEC_PQI_PROJECT_DASHBOARD,observed_stable_id_transition
2020-06-04,2020-09-09,278,278,278,0,0,0,0,0,False,QUEBEC_PQI_PROJECT_DASHBOARD,observed_stable_id_transition
2020-09-09,2020-10-26,278,280,278,2,0,0,0,0,False,QUEBEC_PQI_PROJECT_DASHBOARD,observed_stable_id_transition
2020-10-26,2020-11-16,280,398,278,120,2,0,0,2,True,QUEBEC_PQI_PROJECT_DASHBOARD,observed_stable_id_transition
2020-11-16,2020-12-03,398,398,398,0,0,0,0,0,False,QUEBEC_PQI_PROJECT_DASHBOARD,observed_stable_id_transition
2020-12-03,2021-02-01,398,399,398,1,0,1,0,0,False,QUEBEC_PQI_PROJECT_DASHBOARD,observed_stable_id_transition
2021-02-01,2021-02-18,399,399,399,0,0,0,0,0,False,QUEBEC_PQI_PROJECT_DASHBOARD,observed_stable_id_transition
2021-02-18,2021-05-27,399,399,399,0,0,0,0,0,False,QUEBEC_PQI_PROJECT_DASHBOARD,observed_stable_id_transition
2021-05-27,2021-06-07,399,595,386,209,13,0,0,13,False,QUEBEC_PQI_PROJECT_DASHBOARD,observed_stable_id_transition
2021-06-07,2021-06-23,595,583,582,1,13,1,0,13,False,QUEBEC_PQI_PROJECT_DASHBOARD,observed_stable_id_transition
2021-06-23,2021-07-26,583,583,583,0,0,0,0,0,False,QUEBEC_PQI_PROJECT_DASHBOARD,observed_stable_id_transition
2021-07-26,2021-08-06,583,586,583,3,0,0,0,0,False,QUEBEC_PQI_PROJECT_DASHBOARD,observed_stable_id_transition
2021-08-06,2021-09-16,586,587,586,1,0,0,0,0,False,QUEBEC_PQI_PROJECT_DASHBOARD,observed_stable_id_transition
2021-09-16,2021-09-23,587,590,587,3,0,0,0,0,False,QUEBEC_PQI_PROJECT_DASHBOARD,observed_stable_id_transition
2021-09-23,2021-10-05,590,592,588,4,2,0,0,2,False,QUEBEC_PQI_PROJECT_DASHBOARD,observed_stable_id_transition
2021-10-05,2021-11-12,592,594,591,3,1,0,0,1,False,QUEBEC_PQI_PROJECT_DASHBOARD,observed_stable_id_transition
2021-11-12,2021-12-06,594,595,594,1,0,0,0,0,False,QUEBEC_PQI_PROJECT_DASHBOARD,observed_stable_id_transition
2021-12-06,2022-01-20,595,594,594,0,1,0,1,0,False,QUEBEC_PQI_PROJECT_DASHBOARD,observed_stable_id_transition
2022-01-20,2022-03-22,594,687,582,105,12,1,8,4,False,QUEBEC_PQI_PROJECT_DASHBOARD,observed_stable_id_transition
2022-03-22,2022-05-25,687,668,668,0,19,0,0,19,False,QUEBEC_PQI_PROJECT_DASHBOARD,observed_stable_id_transition
2022-05-25,2022-06-02,668,668,668,0,0,0,0,0,False,QUEBEC_PQI_PROJECT_DASHBOARD,observed_stable_id_transition
2022-06-02,2022-07-22,668,668,668,0,0,0,0,0,False,QUEBEC_PQI_PROJECT_DASHBOARD,observed_stable_id_transition
2022-07-22,2022-08-26,668,668,668,0,0,0,0,0,False,QUEBEC_PQI_PROJECT_DASHBOARD,observed_stable_id_transition
2022-08-26,2022-12-08,668,696,649,47,19,0,0,19,False,QUEBEC_PQI_PROJECT_DASHBOARD,observed_stable_id_transition
2022-12-08,2023-03-21,696,717,646,71,50,0,49,1,False,QUEBEC_PQI_PROJECT_DASHBOARD,observed_stable_id_transition
2023-03-21,2023-05-12,717,682,682,0,35,0,3,32,False,QUEBEC_PQI_PROJECT_DASHBOARD,observed_stable_id_transition
2023-05-12,2023-05-24,682,682,682,0,0,0,0,0,False,QUEBEC_PQI_PROJECT_DASHBOARD,observed_stable_id_transition
2023-05-24,2023-06-13,682,683,682,1,0,0,0,0,False,QUEBEC_PQI_PROJECT_DASHBOARD,observed_stable_id_transition
2023-06-13,2023-08-09,683,684,683,1,0,0,0,0,False,QUEBEC_PQI_PROJECT_DASHBOARD,observed_stable_id_transition
2023-08-09,2023-08-17,684,682,682,0,2,0,0,2,False,QUEBEC_PQI_PROJECT_DASHBOARD,observed_stable_id_transition
2023-08-17,2023-09-01,682,682,681,1,1,1,0,1,False,QUEBEC_PQI_PROJECT_DASHBOARD,observed_stable_id_transition
2023-09-01,2023-09-27,682,682,682,0,0,0,0,0,False,QUEBEC_PQI_PROJECT_DASHBOARD,observed_stable_id_transition
2023-09-27,2023-09-28,682,682,682,0,0,0,0,0,False,QUEBEC_PQI_PROJECT_DASHBOARD,observed_stable_id_transition
2023-09-28,2023-10-20,682,682,681,1,1,1,0,1,False,QUEBEC_PQI_PROJECT_DASHBOARD,observed_stable_id_transition
2023-10-20,2023-11-27,682,682,682,0,0,0,0,0,False,QUEBEC_PQI_PROJECT_DASHBOARD,observed_stable_id_transition
2023-11-27,2023-12-05,682,682,682,0,0,0,0,0,False,QUEBEC_PQI_PROJECT_DASHBOARD,observed_stable_id_transition
2023-12-05,2023-12-07,682,682,682,0,0,0,0,0,False,QUEBEC_PQI_PROJECT_DASHBOARD,observed_stable_id_transition
2023-12-07,2023-12-08,682,682,682,0,0,0,0,0,False,QUEBEC_PQI_PROJECT_DASHBOARD,observed_stable_id_transition
2023-12-08,2024-01-18,682,657,655,2,27,0,5,22,False,QUEBEC_PQI_PROJECT_DASHBOARD,observed_stable_id_transition
2024-01-18,2024-01-24,657,623,620,3,37,0,24,13,False,QUEBEC_PQI_PROJECT_DASHBOARD,observed_stable_id_transition
2024-01-24,2024-01-29,623,651,623,28,0,28,0,0,False,QUEBEC_PQI_PROJECT_DASHBOARD,observed_stable_id_transition
2024-01-29,2024-02-15,651,622,622,0,29,0,28,1,False,QUEBEC_PQI_PROJECT_DASHBOARD,observed_stable_id_transition
2024-02-15,2024-03-12,622,720,613,107,9,3,5,4,False,QUEBEC_PQI_PROJECT_DASHBOARD,observed_stable_id_transition
2024-03-12,2024-03-20,720,697,697,0,23,0,8,15,False,QUEBEC_PQI_PROJECT_DASHBOARD,observed_stable_id_transition
2024-03-20,2024-03-26,697,699,697,2,0,0,0,0,False,QUEBEC_PQI_PROJECT_DASHBOARD,observed_stable_id_transition
2024-03-26,2024-04-09,699,700,699,1,0,0,0,0,False,QUEBEC_PQI_PROJECT_DASHBOARD,observed_stable_id_transition
2024-04-09,2024-04-11,700,701,700,1,0,0,0,0,False,QUEBEC_PQI_PROJECT_DASHBOARD,observed_stable_id_transition
2024-04-11,2024-04-29,701,701,701,0,0,0,0,0,False,QUEBEC_PQI_PROJECT_DASHBOARD,observed_stable_id_transition
2024-04-29,2024-05-14,701,701,701,0,0,0,0,0,False,QUEBEC_PQI_PROJECT_DASHBOARD,observed_stable_id_transition
2024-05-14,2024-05-30,701,701,701,0,0,0,0,0,False,QUEBEC_PQI_PROJECT_DASHBOARD,observed_stable_id_transition
2024-05-30,2024-07-08,701,701,701,0,0,0,0,0,False,QUEBEC_PQI_PROJECT_DASHBOARD,observed_stable_id_transition
2024-07-08,2024-07-31,701,701,701,0,0,0,0,0,False,QUEBEC_PQI_PROJECT_DASHBOARD,observed_stable_id_transition
2024-07-31,2024-10-09,701,701,701,0,0,0,0,0,False,QUEBEC_PQI_PROJECT_DASHBOARD,observed_stable_id_transition
2024-10-09,2024-11-01,701,701,701,0,0,0,0,0,False,QUEBEC_PQI_PROJECT_DASHBOARD,observed_stable_id_transition
2024-11-01,2024-12-04,701,700,700,0,1,0,0,1,False,QUEBEC_PQI_PROJECT_DASHBOARD,observed_stable_id_transition
2024-12-04,2025-01-30,700,700,700,0,0,0,0,0,False,QUEBEC_PQI_PROJECT_DASHBOARD,observed_stable_id_transition
2025-01-30,2025-03-25,700,702,620,82,80,1,78,2,False,QUEBEC_PQI_PROJECT_DASHBOARD,observed_stable_id_transition
2025-03-25,2025-05-08,702,682,682,0,20,0,3,17,False,QUEBEC_PQI_PROJECT_DASHBOARD,observed_stable_id_transition
2025-05-08,2025-06-10,682,682,682,0,0,0,0,0,False,QUEBEC_PQI_PROJECT_DASHBOARD,observed_stable_id_transition
2025-06-10,2025-09-04,682,682,682,0,0,0,0,0,False,QUEBEC_PQI_PROJECT_DASHBOARD,observed_stable_id_transition
2025-09-04,2025-10-22,682,682,682,0,0,0,0,0,False,QUEBEC_PQI_PROJECT_DASHBOARD,observed_stable_id_transition
2025-10-22,2025-12-19,682,682,682,0,0,0,0,0,False,QUEBEC_PQI_PROJECT_DASHBOARD,observed_stable_id_transition
2025-12-19,2026-03-18,682,666,592,74,90,0,79,11,False,QUEBEC_PQI_PROJECT_DASHBOARD,observed_stable_id_transition
2026-03-18,2026-04-21,666,647,646,1,20,0,0,20,False,QUEBEC_PQI_PROJECT_DASHBOARD,observed_stable_id_transition
2026-04-21,2026-05-06,647,647,647,0,0,0,0,0,False,QUEBEC_PQI_PROJECT_DASHBOARD,observed_stable_id_transition
2026-05-06,2026-06-05,647,648,647,1,0,0,0,0,False,QUEBEC_PQI_PROJECT_DASHBOARD,observed_stable_id_transition
2026-06-05,2026-07-08,648,648,648,0,0,0,0,0,False,QUEBEC_PQI_PROJECT_DASHBOARD,observed_stable_id_transition
2026-07-08,2026-08-20,648,649,648,1,0,0,0,0,False,QUEBEC_PQI_PROJECT_DASHBOARD,observed_stable_id_transition
