geography_id,archetype,component,indicator_id,period_end,index_value,unit,index_points_above_2023_annual_base,previous_quarter_period_end,previous_quarter_index,quarter_over_quarter_percent_change,year_ago_period_end,year_ago_index,year_over_year_percent_change,source_id,source_evidence_status,change_evidence_status,quality_flags
CMA_825,municipal_operations_bus_depot,concrete,BCPI_BUS_DEPOT_WITH_MAINTENANCE_AND_REPAIR_FACILITIES_CONCRETE,2026-06-30,112.1,"Index, 2023=100",12.1,2026-03-31,109.9,2.002,2025-06-30,108.1,3.7,STATCAN_BCPI_18100289,observed,inferred,
CMA_825,municipal_operations_bus_depot,electrical_systems,BCPI_BUS_DEPOT_WITH_MAINTENANCE_AND_REPAIR_FACILITIES_ELECTRICAL,2026-06-30,111.9,"Index, 2023=100",11.9,2026-03-31,111.0,0.811,2025-06-30,110.6,1.175,STATCAN_BCPI_18100289,observed,inferred,
CMA_825,municipal_operations_bus_depot,hvac,BCPI_BUS_DEPOT_WITH_MAINTENANCE_AND_REPAIR_FACILITIES_HEATING_VENTILATION_AND_AIR_CONDITIONING,2026-06-30,117.3,"Index, 2023=100",17.3,2026-03-31,116.2,0.947,2025-06-30,109.1,7.516,STATCAN_BCPI_18100289,observed,inferred,
CMA_825,municipal_operations_bus_depot,structural_steel_framing,BCPI_BUS_DEPOT_WITH_MAINTENANCE_AND_REPAIR_FACILITIES_STRUCTURAL_STEEL_FRAMING,2026-06-30,108.8,"Index, 2023=100",8.8,2026-03-31,106.6,2.064,2025-06-30,101.4,7.298,STATCAN_BCPI_18100289,observed,inferred,
CMA_825,industrial_factory_proxy,concrete,BCPI_FACTORY_CONCRETE,2026-06-30,114.0,"Index, 2023=100",14.0,2026-03-31,111.4,2.334,2025-06-30,109.5,4.11,STATCAN_BCPI_18100289,observed,inferred,
CMA_825,industrial_factory_proxy,electrical_systems,BCPI_FACTORY_ELECTRICAL,2026-06-30,109.2,"Index, 2023=100",9.2,2026-03-31,108.8,0.368,2025-06-30,108.3,0.831,STATCAN_BCPI_18100289,observed,inferred,
CMA_825,industrial_factory_proxy,hvac,BCPI_FACTORY_HEATING_VENTILATION_AND_AIR_CONDITIONING,2026-06-30,119.3,"Index, 2023=100",19.3,2026-03-31,118.7,0.505,2025-06-30,108.4,10.055,STATCAN_BCPI_18100289,observed,inferred,
CMA_825,industrial_factory_proxy,structural_steel_framing,BCPI_FACTORY_STRUCTURAL_STEEL_FRAMING,2026-06-30,108.8,"Index, 2023=100",8.8,2026-03-31,106.6,2.064,2025-06-30,101.4,7.298,STATCAN_BCPI_18100289,observed,inferred,
CMA_825,institutional_buildings,concrete,BCPI_INSTITUTIONAL_BUILDINGS_62213_CONCRETE,2026-06-30,110.8,"Index, 2023=100",10.8,2026-03-31,108.9,1.745,2025-06-30,106.6,3.94,STATCAN_BCPI_18100289,observed,inferred,
CMA_825,institutional_buildings,electrical_systems,BCPI_INSTITUTIONAL_BUILDINGS_62213_ELECTRICAL,2026-06-30,112.9,"Index, 2023=100",12.9,2026-03-31,112.7,0.177,2025-06-30,112.1,0.714,STATCAN_BCPI_18100289,observed,inferred,
CMA_825,institutional_buildings,hvac,BCPI_INSTITUTIONAL_BUILDINGS_62213_HEATING_VENTILATION_AND_AIR_CONDITIONING,2026-06-30,108.5,"Index, 2023=100",8.5,2026-03-31,107.5,0.93,2025-06-30,111.7,-2.865,STATCAN_BCPI_18100289,observed,inferred,
CMA_825,institutional_buildings,structural_steel_framing,BCPI_INSTITUTIONAL_BUILDINGS_62213_STRUCTURAL_STEEL_FRAMING,2026-06-30,108.8,"Index, 2023=100",8.8,2026-03-31,106.6,2.064,2025-06-30,101.4,7.298,STATCAN_BCPI_18100289,observed,inferred,
CMA_825,schools,concrete,BCPI_SCHOOL_CONCRETE,2026-06-30,110.8,"Index, 2023=100",10.8,2026-03-31,108.9,1.745,2025-06-30,106.6,3.94,STATCAN_BCPI_18100289,observed,inferred,
CMA_825,schools,electrical_systems,BCPI_SCHOOL_ELECTRICAL,2026-06-30,112.9,"Index, 2023=100",12.9,2026-03-31,112.7,0.177,2025-06-30,112.1,0.714,STATCAN_BCPI_18100289,observed,inferred,
CMA_825,schools,hvac,BCPI_SCHOOL_HEATING_VENTILATION_AND_AIR_CONDITIONING,2026-06-30,108.5,"Index, 2023=100",8.5,2026-03-31,107.5,0.93,2025-06-30,111.7,-2.865,STATCAN_BCPI_18100289,observed,inferred,
CMA_825,schools,structural_steel_framing,BCPI_SCHOOL_STRUCTURAL_STEEL_FRAMING,2026-06-30,108.8,"Index, 2023=100",8.8,2026-03-31,106.6,2.064,2025-06-30,101.4,7.298,STATCAN_BCPI_18100289,observed,inferred,
CMA_835,municipal_operations_bus_depot,concrete,BCPI_BUS_DEPOT_WITH_MAINTENANCE_AND_REPAIR_FACILITIES_CONCRETE,2026-06-30,117.3,"Index, 2023=100",17.3,2026-03-31,115.2,1.823,2025-06-30,111.6,5.108,STATCAN_BCPI_18100289,observed,inferred,
CMA_835,municipal_operations_bus_depot,electrical_systems,BCPI_BUS_DEPOT_WITH_MAINTENANCE_AND_REPAIR_FACILITIES_ELECTRICAL,2026-06-30,112.1,"Index, 2023=100",12.1,2026-03-31,111.2,0.809,2025-06-30,110.8,1.173,STATCAN_BCPI_18100289,observed,inferred,
CMA_835,municipal_operations_bus_depot,hvac,BCPI_BUS_DEPOT_WITH_MAINTENANCE_AND_REPAIR_FACILITIES_HEATING_VENTILATION_AND_AIR_CONDITIONING,2026-06-30,117.4,"Index, 2023=100",17.4,2026-03-31,116.4,0.859,2025-06-30,109.2,7.509,STATCAN_BCPI_18100289,observed,inferred,
CMA_835,municipal_operations_bus_depot,structural_steel_framing,BCPI_BUS_DEPOT_WITH_MAINTENANCE_AND_REPAIR_FACILITIES_STRUCTURAL_STEEL_FRAMING,2026-06-30,121.7,"Index, 2023=100",21.7,2026-03-31,118.3,2.874,2025-06-30,110.2,10.436,STATCAN_BCPI_18100289,observed,inferred,
CMA_835,industrial_factory_proxy,concrete,BCPI_FACTORY_CONCRETE,2026-06-30,118.4,"Index, 2023=100",18.4,2026-03-31,116.1,1.981,2025-06-30,112.5,5.244,STATCAN_BCPI_18100289,observed,inferred,
CMA_835,industrial_factory_proxy,electrical_systems,BCPI_FACTORY_ELECTRICAL,2026-06-30,109.7,"Index, 2023=100",9.7,2026-03-31,109.2,0.458,2025-06-30,108.6,1.013,STATCAN_BCPI_18100289,observed,inferred,
CMA_835,industrial_factory_proxy,hvac,BCPI_FACTORY_HEATING_VENTILATION_AND_AIR_CONDITIONING,2026-06-30,119.4,"Index, 2023=100",19.4,2026-03-31,118.7,0.59,2025-06-30,108.5,10.046,STATCAN_BCPI_18100289,observed,inferred,
CMA_835,industrial_factory_proxy,structural_steel_framing,BCPI_FACTORY_STRUCTURAL_STEEL_FRAMING,2026-06-30,121.7,"Index, 2023=100",21.7,2026-03-31,118.3,2.874,2025-06-30,110.2,10.436,STATCAN_BCPI_18100289,observed,inferred,
CMA_835,institutional_buildings,concrete,BCPI_INSTITUTIONAL_BUILDINGS_62213_CONCRETE,2026-06-30,114.2,"Index, 2023=100",14.2,2026-03-31,112.7,1.331,2025-06-30,109.2,4.579,STATCAN_BCPI_18100289,observed,inferred,
CMA_835,institutional_buildings,electrical_systems,BCPI_INSTITUTIONAL_BUILDINGS_62213_ELECTRICAL,2026-06-30,113.1,"Index, 2023=100",13.1,2026-03-31,112.9,0.177,2025-06-30,112.2,0.802,STATCAN_BCPI_18100289,observed,inferred,
CMA_835,institutional_buildings,hvac,BCPI_INSTITUTIONAL_BUILDINGS_62213_HEATING_VENTILATION_AND_AIR_CONDITIONING,2026-06-30,108.5,"Index, 2023=100",8.5,2026-03-31,107.5,0.93,2025-06-30,111.7,-2.865,STATCAN_BCPI_18100289,observed,inferred,
CMA_835,institutional_buildings,structural_steel_framing,BCPI_INSTITUTIONAL_BUILDINGS_62213_STRUCTURAL_STEEL_FRAMING,2026-06-30,121.7,"Index, 2023=100",21.7,2026-03-31,118.3,2.874,2025-06-30,110.2,10.436,STATCAN_BCPI_18100289,observed,inferred,
CMA_835,schools,concrete,BCPI_SCHOOL_CONCRETE,2026-06-30,114.2,"Index, 2023=100",14.2,2026-03-31,112.7,1.331,2025-06-30,109.2,4.579,STATCAN_BCPI_18100289,observed,inferred,
CMA_835,schools,electrical_systems,BCPI_SCHOOL_ELECTRICAL,2026-06-30,113.1,"Index, 2023=100",13.1,2026-03-31,112.9,0.177,2025-06-30,112.2,0.802,STATCAN_BCPI_18100289,observed,inferred,
CMA_835,schools,hvac,BCPI_SCHOOL_HEATING_VENTILATION_AND_AIR_CONDITIONING,2026-06-30,108.5,"Index, 2023=100",8.5,2026-03-31,107.5,0.93,2025-06-30,111.7,-2.865,STATCAN_BCPI_18100289,observed,inferred,
CMA_835,schools,structural_steel_framing,BCPI_SCHOOL_STRUCTURAL_STEEL_FRAMING,2026-06-30,121.7,"Index, 2023=100",21.7,2026-03-31,118.3,2.874,2025-06-30,110.2,10.436,STATCAN_BCPI_18100289,observed,inferred,
